{"stats":{"minecraft:picked_up":{"minecraft:iron_chestplate":4,"minecraft:crafting_table":3,"minecraft:allium":16,"minecraft:feather":5,"minecraft:chicken":3,"minecraft:water_bucket":4,"minecraft:leather":56,"minecraft:wooden_pickaxe":2,"minecraft:potato":6,"minecraft:flint":2,"minecraft:oak_log":7,"minecraft:dirt":7,"minecraft:string":6,"minecraft:flint_and_steel":4,"minecraft:cooked_mutton":7,"minecraft:apple":51,"minecraft:wheat_seeds":46,"minecraft:stone_pickaxe":7,"minecraft:beef":3,"minecraft:iron_ingot":25,"thestarvedstalker:hungering_soil":1,"minecraft:sugar_cane":7,"minecraft:oak_planks":39,"minecraft:iron_sword":5,"minecraft:furnace":10,"minecraft:book":72,"minecraft:stick":4,"minecraft:raw_iron":1,"minecraft:cooked_porkchop":4,"minecraft:white_bed":1,"minecraft:rotten_flesh":14,"minecraft:stone_axe":7,"thestarvedstalker:cadasite":1,"minecraft:hay_block":14,"minecraft:gray_wool":1,"minecraft:bread":92,"minecraft:black_wool":1,"minecraft:mutton":2,"minecraft:cobblestone":38,"minecraft:white_wool":13},"minecraft:crafted":{"minecraft:oak_planks":20,"minecraft:crafting_table":1,"minecraft:wooden_pickaxe":1,"minecraft:bucket":1,"minecraft:stone_axe":2,"minecraft:bread":39,"minecraft:flint_and_steel":1,"minecraft:stick":12,"minecraft:stone_pickaxe":2,"minecraft:wheat":117},"minecraft:killed_by":{"minecraft:player":3,"minecraft:creeper":1},"minecraft:custom":{"minecraft:mob_kills":14,"minecraft:interact_with_crafting_table":8,"minecraft:open_barrel":1,"minecraft:bell_ring":1,"minecraft:leave_game":6,"minecraft:time_since_death":14424,"minecraft:sleep_in_bed":6,"minecraft:climb_one_cm":1175,"minecraft:time_since_rest":11524,"minecraft:sprint_one_cm":209142,"minecraft:damage_taken":2040,"minecraft:walk_one_cm":104837,"minecraft:drop":47,"minecraft:damage_dealt":3832,"minecraft:talked_to_villager":18,"minecraft:fly_one_cm":297580,"minecraft:player_kills":1,"minecraft:open_chest":9,"minecraft:crouch_one_cm":10945,"minecraft:play_time":71784,"minecraft:deaths":4,"minecraft:sneak_time":3575,"minecraft:jump":1366,"minecraft:walk_on_water_one_cm":763,"minecraft:total_world_time":71784,"minecraft:use_cauldron":1,"minecraft:fall_one_cm":44898},"minecraft:killed":{"minecraft:pig":2,"minecraft:iron_golem":2,"minecraft:sheep":8,"thestarvedstalker:hungrejaw":1,"minecraft:ghast":1},"minecraft:dropped":{"minecraft:bread":55,"minecraft:iron_sword":1,"minecraft:stone_axe":3,"minecraft:wheat_seeds":37,"minecraft:oak_log":2,"minecraft:raw_iron":1,"minecraft:chicken":3,"minecraft:feather":4,"minecraft:rotten_flesh":6,"minecraft:stick":2,"minecraft:dirt":1,"minecraft:potato":3,"minecraft:hay_block":1,"minecraft:allium":6,"minecraft:mutton":2,"minecraft:beef":3,"minecraft:stone_pickaxe":3,"minecraft:wooden_pickaxe":2,"minecraft:string":4,"minecraft:white_wool":3},"minecraft:used":{"minecraft:cooked_mutton":3,"minecraft:water_bucket":12,"minecraft:flint_and_steel":16,"minecraft:stone_pickaxe":45,"minecraft:oak_planks":9,"minecraft:wooden_pickaxe":3,"minecraft:iron_sword":47,"minecraft:iron_chestplate":1,"minecraft:white_wool":1,"minecraft:crafting_table":3,"minecraft:white_bed":1,"minecraft:lava_bucket":11,"minecraft:apple":6,"minecraft:bread":19,"minecraft:stone_axe":32,"minecraft:cobblestone":15,"minecraft:cooked_porkchop":1,"minecraft:bucket":24},"minecraft:mined":{"thestarvedstalker:hungering_soil":1,"minecraft:crafting_table":3,"minecraft:allium":6,"minecraft:grass_block":3,"minecraft:tall_grass":18,"minecraft:cobblestone":13,"minecraft:sugar_cane":2,"minecraft:oak_planks":3,"minecraft:hay_block":14,"minecraft:furnace":2,"minecraft:iron_ore":1,"minecraft:fire":23,"minecraft:grass":166,"minecraft:bookshelf":8,"minecraft:oak_log":7,"minecraft:dirt":2,"minecraft:gravel":2,"minecraft:stone":30,"minecraft:white_wool":1}},"DataVersion":3120}