{"stats":{"minecraft:picked_up":{"minecraft:iron_chestplate":5,"minecraft:crafting_table":3,"minecraft:allium":21,"minecraft:feather":8,"minecraft:chicken":3,"minecraft:water_bucket":6,"minecraft:golden_pickaxe":2,"minecraft:leather":68,"minecraft:wooden_pickaxe":2,"minecraft:potato":6,"minecraft:potion":1,"minecraft:flint":2,"minecraft:oak_log":7,"minecraft:dirt":13,"minecraft:string":6,"minecraft:flint_and_steel":6,"minecraft:cooked_mutton":10,"minecraft:apple":63,"minecraft:wheat_seeds":46,"minecraft:stone_pickaxe":9,"minecraft:beef":3,"minecraft:iron_ingot":43,"minecraft:oak_boat":1,"minecraft:iron_nugget":6,"thestarvedstalker:hungering_soil":18,"minecraft:sugar_cane":7,"minecraft:oak_planks":115,"minecraft:iron_sword":6,"minecraft:furnace":12,"minecraft:book":96,"minecraft:birch_boat":1,"minecraft:stick":9,"minecraft:raw_iron":1,"minecraft:cooked_porkchop":7,"minecraft:torch":3,"minecraft:white_bed":1,"minecraft:stone_sword":1,"minecraft:rotten_flesh":16,"minecraft:stone_axe":9,"thestarvedstalker:cadasite":21,"minecraft:hay_block":14,"minecraft:gray_wool":2,"minecraft:emerald":3,"minecraft:bread":127,"minecraft:black_wool":2,"minecraft:mutton":12,"minecraft:coal":28,"minecraft:cobblestone":49,"minecraft:white_wool":23},"minecraft:crafted":{"minecraft:oak_planks":20,"minecraft:crafting_table":1,"minecraft:wooden_pickaxe":1,"minecraft:bucket":1,"minecraft:stone_axe":2,"minecraft:bread":39,"minecraft:flint_and_steel":1,"minecraft:stick":12,"minecraft:stone_pickaxe":2,"minecraft:wheat":117},"minecraft:killed_by":{"minecraft:player":3,"minecraft:creeper":1,"minecraft:iron_golem":1},"minecraft:custom":{"minecraft:mob_kills":18,"minecraft:interact_with_crafting_table":8,"minecraft:open_barrel":1,"minecraft:bell_ring":1,"minecraft:leave_game":6,"minecraft:time_since_death":7537,"minecraft:sleep_in_bed":9,"minecraft:climb_one_cm":1175,"minecraft:time_since_rest":1441,"minecraft:sprint_one_cm":223609,"minecraft:damage_taken":2536,"minecraft:walk_one_cm":118564,"minecraft:drop":52,"minecraft:damage_dealt":4387,"minecraft:talked_to_villager":18,"minecraft:fly_one_cm":525914,"minecraft:player_kills":2,"minecraft:open_chest":9,"minecraft:crouch_one_cm":11018,"minecraft:play_time":83784,"minecraft:deaths":5,"minecraft:sneak_time":3911,"minecraft:jump":1534,"minecraft:walk_on_water_one_cm":763,"minecraft:total_world_time":83784,"minecraft:use_cauldron":1,"minecraft:fall_one_cm":47720},"minecraft:killed":{"minecraft:pig":2,"thestarvedstalker:putrid_fangs":1,"minecraft:iron_golem":2,"minecraft:sheep":8,"thestarvedstalker:hungrejaw":4,"minecraft:ghast":1},"minecraft:dropped":{"minecraft:bread":55,"minecraft:iron_sword":1,"minecraft:stone_axe":3,"minecraft:wheat_seeds":37,"minecraft:stone_sword":1,"minecraft:oak_log":2,"minecraft:raw_iron":1,"minecraft:chicken":3,"minecraft:feather":7,"minecraft:rotten_flesh":8,"minecraft:stick":2,"minecraft:gray_wool":1,"minecraft:dirt":7,"minecraft:potato":3,"minecraft:hay_block":1,"minecraft:allium":6,"minecraft:mutton":2,"minecraft:beef":3,"minecraft:stone_pickaxe":3,"minecraft:wooden_pickaxe":2,"minecraft:string":4,"minecraft:white_wool":3},"minecraft:used":{"minecraft:cooked_mutton":3,"minecraft:water_bucket":12,"minecraft:flint_and_steel":16,"minecraft:stone_pickaxe":45,"minecraft:oak_planks":9,"minecraft:wooden_pickaxe":3,"minecraft:iron_sword":51,"minecraft:iron_chestplate":1,"minecraft:white_wool":1,"minecraft:crafting_table":3,"minecraft:white_bed":1,"minecraft:lava_bucket":11,"minecraft:apple":6,"minecraft:bread":19,"minecraft:stone_axe":37,"minecraft:cobblestone":19,"minecraft:cooked_porkchop":2,"minecraft:bucket":24},"minecraft:mined":{"thestarvedstalker:hungering_soil":1,"minecraft:crafting_table":3,"minecraft:allium":6,"minecraft:grass_block":3,"minecraft:tall_grass":18,"minecraft:cobblestone":13,"minecraft:sugar_cane":2,"minecraft:oak_planks":3,"minecraft:hay_block":14,"minecraft:furnace":2,"minecraft:iron_ore":1,"minecraft:fire":23,"minecraft:grass":166,"minecraft:bookshelf":8,"minecraft:oak_log":7,"minecraft:dirt":2,"minecraft:gravel":2,"minecraft:stone":30,"minecraft:white_wool":1}},"DataVersion":3120}