{"stats":{"minecraft:picked_up":{"minecraft:iron_chestplate":4,"minecraft:crafting_table":3,"minecraft:allium":16,"minecraft:feather":5,"minecraft:chicken":3,"minecraft:water_bucket":4,"minecraft:leather":56,"minecraft:wooden_pickaxe":2,"minecraft:potato":6,"minecraft:flint":1,"minecraft:oak_log":7,"minecraft:dirt":2,"minecraft:string":6,"minecraft:flint_and_steel":4,"minecraft:apple":51,"minecraft:wheat_seeds":45,"minecraft:stone_pickaxe":7,"minecraft:beef":3,"minecraft:iron_ingot":25,"minecraft:sugar_cane":7,"minecraft:oak_planks":39,"minecraft:iron_sword":5,"minecraft:furnace":10,"minecraft:book":72,"minecraft:stick":4,"minecraft:raw_iron":1,"minecraft:white_bed":1,"minecraft:rotten_flesh":12,"minecraft:stone_axe":7,"minecraft:hay_block":14,"minecraft:bread":92,"minecraft:mutton":2,"minecraft:cobblestone":33,"minecraft:white_wool":7},"minecraft:crafted":{"minecraft:oak_planks":20,"minecraft:crafting_table":1,"minecraft:wooden_pickaxe":1,"minecraft:bucket":1,"minecraft:stone_axe":2,"minecraft:bread":39,"minecraft:flint_and_steel":1,"minecraft:stick":12,"minecraft:stone_pickaxe":2,"minecraft:wheat":117},"minecraft:killed_by":{"minecraft:player":3,"minecraft:creeper":1},"minecraft:custom":{"minecraft:mob_kills":2,"minecraft:interact_with_crafting_table":8,"minecraft:bell_ring":1,"minecraft:leave_game":6,"minecraft:time_since_death":2424,"minecraft:sleep_in_bed":5,"minecraft:climb_one_cm":1175,"minecraft:time_since_rest":1426,"minecraft:sprint_one_cm":169152,"minecraft:damage_taken":1537,"minecraft:walk_one_cm":82835,"minecraft:drop":46,"minecraft:damage_dealt":2711,"minecraft:talked_to_villager":16,"minecraft:fly_one_cm":196430,"minecraft:player_kills":1,"minecraft:open_chest":9,"minecraft:crouch_one_cm":8893,"minecraft:play_time":59784,"minecraft:deaths":4,"minecraft:sneak_time":2594,"minecraft:jump":901,"minecraft:total_world_time":59784,"minecraft:use_cauldron":1,"minecraft:fall_one_cm":23922},"minecraft:killed":{"minecraft:iron_golem":2},"minecraft:dropped":{"minecraft:bread":55,"minecraft:iron_sword":1,"minecraft:stone_axe":3,"minecraft:wheat_seeds":36,"minecraft:oak_log":2,"minecraft:raw_iron":1,"minecraft:chicken":3,"minecraft:feather":4,"minecraft:rotten_flesh":6,"minecraft:stick":2,"minecraft:dirt":1,"minecraft:potato":3,"minecraft:hay_block":1,"minecraft:allium":6,"minecraft:mutton":2,"minecraft:beef":3,"minecraft:stone_pickaxe":3,"minecraft:wooden_pickaxe":2,"minecraft:string":4,"minecraft:white_wool":3},"minecraft:used":{"minecraft:stone_pickaxe":29,"minecraft:oak_planks":5,"minecraft:wooden_pickaxe":3,"minecraft:iron_sword":12,"minecraft:iron_chestplate":1,"minecraft:white_wool":1,"minecraft:crafting_table":3,"minecraft:apple":3,"minecraft:bread":14,"minecraft:stone_axe":32,"minecraft:cobblestone":15,"minecraft:bucket":1},"minecraft:mined":{"minecraft:crafting_table":3,"minecraft:allium":6,"minecraft:tall_grass":17,"minecraft:cobblestone":12,"minecraft:sugar_cane":2,"minecraft:oak_planks":3,"minecraft:hay_block":14,"minecraft:furnace":2,"minecraft:iron_ore":1,"minecraft:grass":148,"minecraft:bookshelf":8,"minecraft:oak_log":7,"minecraft:gravel":1,"minecraft:stone":15,"minecraft:white_wool":1}},"DataVersion":3120}