{"stats":{"minecraft:mined":{"thestarvedstalker:hungering_soil":1,"minecraft:crafting_table":3,"minecraft:allium":6,"minecraft:grass_block":4,"minecraft:tall_grass":18,"minecraft:cobblestone":13,"minecraft:oak_planks":3,"minecraft:sugar_cane":2,"minecraft:hay_block":14,"minecraft:furnace":2,"minecraft:iron_ore":1,"minecraft:fire":23,"minecraft:wheat":1,"minecraft:yellow_bed":1,"minecraft:grass":198,"minecraft:bookshelf":8,"minecraft:oak_log":7,"minecraft:gravel":2,"minecraft:dirt":2,"minecraft:stone":30,"minecraft:white_wool":1},"minecraft:dropped":{"minecraft:iron_ingot":52,"minecraft:bread":60,"minecraft:iron_sword":2,"minecraft:stone_axe":3,"minecraft:wheat_seeds":47,"minecraft:oak_log":2,"minecraft:stone_sword":1,"minecraft:raw_iron":1,"minecraft:chicken":3,"minecraft:feather":7,"minecraft:rotten_flesh":8,"minecraft:stick":2,"minecraft:dirt":7,"minecraft:gray_wool":1,"minecraft:potato":3,"minecraft:hay_block":1,"man:tearoftheman":1,"minecraft:allium":6,"minecraft:mutton":2,"minecraft:beef":3,"minecraft:stone_pickaxe":3,"minecraft:wooden_pickaxe":2,"minecraft:string":5,"minecraft:lily_pad":1024,"minecraft:white_wool":3},"minecraft:used":{"minecraft:cooked_mutton":3,"minecraft:water_bucket":12,"minecraft:stone_sword":1,"minecraft:flint_and_steel":16,"minecraft:stone_pickaxe":45,"minecraft:oak_planks":9,"minecraft:wooden_pickaxe":3,"minecraft:iron_sword":59,"minecraft:white_wool":1,"minecraft:iron_chestplate":2,"minecraft:golden_apple":1,"minecraft:crafting_table":3,"minecraft:sculk_shrieker":1,"minecraft:white_bed":1,"minecraft:lava_bucket":11,"minecraft:apple":6,"minecraft:bread":28,"minecraft:stone_axe":37,"minecraft:cobblestone":19,"minecraft:cooked_porkchop":2,"the_one_who_watches:toww_stalking_spawn_egg":4,"minecraft:bucket":24,"minecraft:yellow_bed":5},"minecraft:picked_up":{"minecraft:crafting_table":3,"minecraft:iron_chestplate":7,"minecraft:allium":26,"minecraft:feather":10,"minecraft:chicken":3,"minecraft:water_bucket":6,"minecraft:golden_pickaxe":2,"minecraft:leather":68,"thestarvedstalker:starved_tooth":1,"minecraft:wooden_pickaxe":2,"minecraft:potato":6,"minecraft:potion":1,"minecraft:flint":2,"minecraft:oak_log":7,"minecraft:yellow_bed":2,"minecraft:string":7,"minecraft:dirt":14,"minecraft:flint_and_steel":6,"minecraft:iron_leggings":1,"minecraft:cooked_mutton":10,"minecraft:apple":63,"minecraft:wheat_seeds":58,"minecraft:iron_ingot":111,"minecraft:beef":3,"minecraft:stone_pickaxe":9,"minecraft:oak_boat":1,"minecraft:iron_nugget":6,"minecraft:poppy":13,"minecraft:sugar_cane":7,"thestarvedstalker:hungering_soil":18,"minecraft:iron_sword":7,"minecraft:oak_planks":115,"minecraft:furnace":12,"minecraft:book":96,"minecraft:stick":9,"minecraft:raw_iron":1,"minecraft:cooked_porkchop":7,"minecraft:birch_boat":1,"minecraft:torch":4,"minecraft:white_bed":2,"minecraft:stone_sword":2,"minecraft:rotten_flesh":21,"minecraft:stone_axe":9,"thestarvedstalker:cadasite":40,"minecraft:hay_block":14,"minecraft:gray_wool":2,"minecraft:bread":144,"minecraft:emerald":3,"minecraft:black_wool":2,"minecraft:mutton":12,"minecraft:coal":28,"minecraft:white_wool":23,"minecraft:cobblestone":49},"minecraft:custom":{"minecraft:mob_kills":18,"minecraft:interact_with_crafting_table":8,"minecraft:open_barrel":2,"minecraft:bell_ring":1,"minecraft:leave_game":7,"minecraft:time_since_death":19851,"minecraft:sleep_in_bed":11,"minecraft:climb_one_cm":1267,"minecraft:time_since_rest":11425,"minecraft:damage_taken":4298,"minecraft:sprint_one_cm":276182,"minecraft:walk_one_cm":176323,"minecraft:drop":89,"minecraft:damage_dealt":5007,"minecraft:talked_to_villager":22,"minecraft:fly_one_cm":665912,"minecraft:player_kills":2,"minecraft:open_chest":9,"minecraft:crouch_one_cm":11380,"minecraft:play_time":114731,"minecraft:deaths":10,"minecraft:sneak_time":4353,"minecraft:jump":2023,"minecraft:walk_on_water_one_cm":1151,"minecraft:total_world_time":114731,"minecraft:fall_one_cm":59920,"minecraft:use_cauldron":1},"minecraft:killed_by":{"minecraft:player":8,"minecraft:creeper":1,"minecraft:iron_golem":1},"minecraft:killed":{"minecraft:pig":2,"thestarvedstalker:putrid_fangs":1,"minecraft:iron_golem":2,"minecraft:sheep":8,"thestarvedstalker:hungrejaw":4,"minecraft:ghast":1},"minecraft:crafted":{"minecraft:oak_planks":20,"minecraft:crafting_table":1,"minecraft:wooden_pickaxe":1,"minecraft:bucket":1,"minecraft:stone_axe":2,"minecraft:bread":39,"minecraft:flint_and_steel":1,"minecraft:stick":12,"minecraft:stone_pickaxe":2,"minecraft:wheat":117}},"DataVersion":3120}