{"stats":{"minecraft:killed":{"minecraft:iron_golem":1},"minecraft:used":{"minecraft:stone_pickaxe":19,"minecraft:bread":3,"minecraft:oak_planks":3,"minecraft:wooden_pickaxe":3,"minecraft:iron_sword":3,"minecraft:stone_axe":16,"minecraft:cobblestone":3,"minecraft:crafting_table":3,"minecraft:bucket":1},"minecraft:crafted":{"minecraft:oak_planks":20,"minecraft:crafting_table":1,"minecraft:stick":12,"minecraft:wooden_pickaxe":1,"minecraft:stone_pickaxe":2,"minecraft:bucket":1,"minecraft:stone_axe":2,"minecraft:bread":39,"minecraft:flint_and_steel":1,"minecraft:wheat":117},"minecraft:dropped":{"minecraft:bread":12,"minecraft:stone_axe":1,"minecraft:hay_block":1,"minecraft:wheat_seeds":12,"minecraft:mutton":2,"minecraft:raw_iron":1,"minecraft:beef":3,"minecraft:stone_pickaxe":3},"minecraft:mined":{"minecraft:hay_block":14,"minecraft:furnace":2,"minecraft:iron_ore":1,"minecraft:crafting_table":3,"minecraft:grass":51,"minecraft:oak_log":7,"minecraft:gravel":1,"minecraft:cobblestone":3,"minecraft:tall_grass":14,"minecraft:stone":15,"minecraft:sugar_cane":2,"minecraft:oak_planks":3},"minecraft:killed_by":{"minecraft:creeper":1},"minecraft:custom":{"minecraft:time_since_rest":4740,"minecraft:damage_taken":295,"minecraft:sprint_one_cm":66335,"minecraft:walk_one_cm":32900,"minecraft:mob_kills":1,"minecraft:drop":17,"minecraft:damage_dealt":1109,"minecraft:interact_with_crafting_table":8,"minecraft:talked_to_villager":8,"minecraft:fly_one_cm":65447,"minecraft:open_chest":7,"minecraft:crouch_one_cm":3811,"minecraft:play_time":39266,"minecraft:deaths":1,"minecraft:sneak_time":1254,"minecraft:jump":283,"minecraft:leave_game":5,"minecraft:time_since_death":4690,"minecraft:sleep_in_bed":2,"minecraft:total_world_time":39266,"minecraft:fall_one_cm":5059,"minecraft:use_cauldron":1},"minecraft:picked_up":{"minecraft:stick":2,"minecraft:iron_chestplate":1,"minecraft:crafting_table":3,"minecraft:raw_iron":1,"minecraft:feather":2,"minecraft:water_bucket":1,"minecraft:leather":20,"minecraft:wooden_pickaxe":1,"minecraft:potato":6,"minecraft:flint":1,"minecraft:oak_log":7,"minecraft:dirt":1,"minecraft:string":4,"minecraft:flint_and_steel":1,"minecraft:rotten_flesh":3,"minecraft:apple":17,"minecraft:stone_axe":3,"minecraft:wheat_seeds":12,"minecraft:hay_block":14,"minecraft:beef":3,"minecraft:iron_ingot":8,"minecraft:stone_pickaxe":4,"minecraft:bread":33,"minecraft:iron_sword":1,"minecraft:sugar_cane":7,"minecraft:mutton":2,"minecraft:oak_planks":10,"minecraft:cobblestone":21,"minecraft:white_wool":2,"minecraft:furnace":4}},"DataVersion":3120}