{"stats":{"minecraft:picked_up":{"minecraft:iron_chestplate":2,"minecraft:crafting_table":3,"minecraft:allium":1,"minecraft:feather":2,"minecraft:water_bucket":2,"minecraft:leather":32,"minecraft:wooden_pickaxe":1,"minecraft:potato":6,"minecraft:flint":1,"minecraft:oak_log":7,"minecraft:dirt":1,"minecraft:string":4,"minecraft:flint_and_steel":2,"minecraft:apple":30,"minecraft:wheat_seeds":16,"minecraft:stone_pickaxe":5,"minecraft:beef":3,"minecraft:iron_ingot":12,"minecraft:sugar_cane":7,"minecraft:oak_planks":17,"minecraft:iron_sword":3,"minecraft:furnace":6,"minecraft:book":18,"minecraft:stick":2,"minecraft:raw_iron":1,"minecraft:rotten_flesh":6,"minecraft:stone_axe":4,"minecraft:hay_block":14,"minecraft:bread":46,"minecraft:mutton":2,"minecraft:cobblestone":30,"minecraft:white_wool":3},"minecraft:crafted":{"minecraft:oak_planks":20,"minecraft:crafting_table":1,"minecraft:wooden_pickaxe":1,"minecraft:bucket":1,"minecraft:stone_axe":2,"minecraft:bread":39,"minecraft:flint_and_steel":1,"minecraft:stick":12,"minecraft:stone_pickaxe":2,"minecraft:wheat":117},"minecraft:killed_by":{"minecraft:player":1,"minecraft:creeper":1},"minecraft:custom":{"minecraft:mob_kills":1,"minecraft:interact_with_crafting_table":8,"minecraft:bell_ring":1,"minecraft:leave_game":6,"minecraft:time_since_death":1451,"minecraft:sleep_in_bed":3,"minecraft:climb_one_cm":726,"minecraft:time_since_rest":1484,"minecraft:sprint_one_cm":109159,"minecraft:damage_taken":590,"minecraft:walk_one_cm":58553,"minecraft:drop":31,"minecraft:damage_dealt":1361,"minecraft:talked_to_villager":15,"minecraft:fly_one_cm":101663,"minecraft:open_chest":9,"minecraft:crouch_one_cm":4588,"minecraft:play_time":47784,"minecraft:deaths":2,"minecraft:sneak_time":1461,"minecraft:jump":492,"minecraft:total_world_time":47784,"minecraft:use_cauldron":1,"minecraft:fall_one_cm":10877},"minecraft:killed":{"minecraft:iron_golem":1},"minecraft:dropped":{"minecraft:bread":28,"minecraft:iron_sword":1,"minecraft:stone_axe":2,"minecraft:wheat_seeds":15,"minecraft:oak_log":2,"minecraft:raw_iron":1,"minecraft:feather":1,"minecraft:stick":2,"minecraft:dirt":1,"minecraft:potato":3,"minecraft:hay_block":1,"minecraft:allium":1,"minecraft:mutton":2,"minecraft:beef":3,"minecraft:stone_pickaxe":3,"minecraft:wooden_pickaxe":1,"minecraft:string":2,"minecraft:white_wool":1},"minecraft:used":{"minecraft:stone_pickaxe":26,"minecraft:oak_planks":3,"minecraft:wooden_pickaxe":3,"minecraft:iron_sword":7,"minecraft:white_wool":1,"minecraft:crafting_table":3,"minecraft:bread":7,"minecraft:stone_axe":24,"minecraft:cobblestone":9,"minecraft:bucket":1},"minecraft:mined":{"minecraft:crafting_table":3,"minecraft:allium":1,"minecraft:tall_grass":14,"minecraft:cobblestone":9,"minecraft:sugar_cane":2,"minecraft:oak_planks":3,"minecraft:hay_block":14,"minecraft:furnace":2,"minecraft:iron_ore":1,"minecraft:grass":80,"minecraft:bookshelf":7,"minecraft:oak_log":7,"minecraft:gravel":1,"minecraft:stone":15,"minecraft:white_wool":1}},"DataVersion":3120}