{"stats":{"minecraft:mined":{"thestarvedstalker:hungering_soil":1,"minecraft:crafting_table":3,"minecraft:allium":6,"minecraft:grass_block":4,"minecraft:tall_grass":20,"minecraft:cobblestone":19,"minecraft:oak_planks":3,"minecraft:sugar_cane":2,"minecraft:hay_block":14,"minecraft:furnace":2,"minecraft:iron_ore":10,"minecraft:fire":23,"minecraft:wheat":1,"minecraft:andesite":1,"minecraft:yellow_bed":1,"minecraft:grass":208,"minecraft:bookshelf":8,"minecraft:oak_log":10,"minecraft:gravel":2,"minecraft:dirt":2,"minecraft:stone":31,"minecraft:white_wool":1},"minecraft:dropped":{"minecraft:iron_ingot":52,"minecraft:bread":60,"minecraft:iron_sword":2,"minecraft:stone_axe":3,"minecraft:wheat_seeds":47,"minecraft:cooked_beef":21,"minecraft:oak_log":2,"minecraft:stone_sword":1,"minecraft:cooked_porkchop":24,"minecraft:raw_iron":1,"minecraft:chicken":3,"minecraft:feather":7,"minecraft:rotten_flesh":8,"minecraft:stick":2,"minecraft:dirt":7,"minecraft:gray_wool":1,"minecraft:potato":3,"minecraft:hay_block":1,"man:tearoftheman":1,"minecraft:allium":6,"minecraft:mutton":2,"minecraft:beef":3,"minecraft:stone_pickaxe":3,"minecraft:wooden_pickaxe":2,"minecraft:string":5,"minecraft:lily_pad":1024,"minecraft:white_wool":3},"minecraft:used":{"minecraft:cooked_mutton":3,"minecraft:water_bucket":12,"minecraft:stone_sword":38,"minecraft:flint_and_steel":19,"minecraft:stone_pickaxe":59,"minecraft:oak_planks":9,"minecraft:wooden_pickaxe":6,"minecraft:iron_sword":59,"minecraft:white_wool":1,"minecraft:iron_chestplate":3,"minecraft:torch":19,"minecraft:golden_apple":1,"minecraft:dirt":1,"minecraft:crafting_table":4,"minecraft:sculk_shrieker":1,"minecraft:white_bed":3,"minecraft:lava_bucket":11,"minecraft:apple":6,"minecraft:bread":28,"minecraft:iron_helmet":2,"minecraft:iron_boots":1,"minecraft:stone_axe":37,"minecraft:cobblestone":19,"minecraft:potion":1,"minecraft:cooked_porkchop":5,"the_one_who_watches:toww_stalking_spawn_egg":4,"minecraft:bucket":24,"minecraft:yellow_bed":6,"minecraft:iron_leggings":1},"minecraft:picked_up":{"minecraft:crafting_table":3,"minecraft:iron_chestplate":8,"minecraft:allium":26,"minecraft:feather":10,"minecraft:chicken":3,"minecraft:water_bucket":7,"minecraft:andesite":1,"minecraft:golden_pickaxe":2,"minecraft:leather":72,"thestarvedstalker:starved_tooth":1,"minecraft:wooden_pickaxe":2,"minecraft:potato":6,"minecraft:potion":1,"minecraft:flint":2,"minecraft:oak_log":16,"minecraft:gunpowder":2,"minecraft:yellow_bed":3,"minecraft:string":7,"minecraft:dirt":14,"minecraft:flint_and_steel":7,"minecraft:iron_leggings":2,"minecraft:cooked_mutton":10,"minecraft:apple":63,"minecraft:wheat_seeds":59,"minecraft:iron_ingot":153,"minecraft:beef":12,"minecraft:stone_pickaxe":9,"minecraft:oak_boat":1,"minecraft:iron_nugget":6,"minecraft:poppy":13,"minecraft:sugar_cane":7,"thestarvedstalker:hungering_soil":18,"minecraft:iron_sword":8,"minecraft:oak_planks":168,"minecraft:iron_boots":1,"minecraft:furnace":12,"minecraft:book":96,"minecraft:stick":9,"minecraft:raw_iron":10,"minecraft:cooked_porkchop":19,"minecraft:birch_boat":1,"minecraft:torch":5,"minecraft:white_bed":2,"minecraft:stone_sword":2,"minecraft:arrow":4,"minecraft:rotten_flesh":21,"minecraft:stone_axe":9,"thestarvedstalker:cadasite":40,"minecraft:iron_helmet":2,"minecraft:hay_block":14,"minecraft:gray_wool":2,"minecraft:bread":144,"minecraft:emerald":7,"minecraft:black_wool":2,"minecraft:mutton":12,"minecraft:coal":28,"minecraft:white_wool":23,"minecraft:cobblestone":57},"minecraft:custom":{"minecraft:mob_kills":31,"minecraft:interact_with_crafting_table":12,"minecraft:open_barrel":3,"minecraft:bell_ring":1,"minecraft:leave_game":9,"minecraft:time_since_death":39427,"minecraft:sleep_in_bed":16,"minecraft:climb_one_cm":1267,"minecraft:time_since_rest":6136,"minecraft:damage_taken":6161,"minecraft:sprint_one_cm":326122,"minecraft:walk_one_cm":212767,"minecraft:drop":134,"minecraft:damage_dealt":6984,"minecraft:talked_to_villager":22,"minecraft:fly_one_cm":856906,"minecraft:player_kills":3,"minecraft:open_chest":14,"minecraft:crouch_one_cm":12323,"minecraft:play_time":176920,"minecraft:deaths":17,"minecraft:sneak_time":4719,"minecraft:jump":2655,"minecraft:walk_on_water_one_cm":1151,"minecraft:total_world_time":176920,"minecraft:fall_one_cm":78115,"minecraft:use_cauldron":1},"minecraft:killed_by":{"minecraft:player":14,"minecraft:creeper":2,"minecraft:iron_golem":1},"minecraft:killed":{"minecraft:pig":4,"thestarvedstalker:putrid_fangs":1,"minecraft:spider":1,"minecraft:iron_golem":2,"minecraft:creeper":1,"minecraft:sheep":8,"minecraft:zombie":2,"thestarvedstalker:hungrejaw":4,"minecraft:ghast":1,"minecraft:cow":5},"minecraft:crafted":{"minecraft:oak_planks":32,"minecraft:crafting_table":2,"minecraft:wooden_pickaxe":2,"minecraft:bucket":1,"minecraft:stone_axe":3,"minecraft:bread":39,"minecraft:flint_and_steel":2,"minecraft:stick":20,"minecraft:stone_pickaxe":3,"minecraft:wheat":117}},"DataVersion":3120}