{"stats":{"minecraft:killed_by":{"thestarvedstalker:the_starved_stalker_aggro":1},"minecraft:broken":{"minecraft:stone_pickaxe":1},"minecraft:used":{"minecraft:cooked_mutton":7,"minecraft:water_bucket":19,"minecraft:diorite":8,"minecraft:flint_and_steel":1,"minecraft:birch_planks":2,"minecraft:stone_pickaxe":217,"minecraft:oak_planks":14,"minecraft:chest":1,"minecraft:wooden_pickaxe":8,"minecraft:torch":99,"minecraft:dirt":13,"minecraft:mutton":3,"minecraft:crafting_table":6,"minecraft:white_bed":4,"minecraft:wooden_axe":1,"minecraft:lava_bucket":10,"minecraft:bread":12,"minecraft:gravel":6,"minecraft:smooth_basalt":6,"minecraft:stone_axe":57,"minecraft:cobblestone":22,"minecraft:beef":3,"minecraft:furnace":2,"minecraft:andesite":3,"minecraft:bucket":31,"minecraft:calcite":3},"minecraft:killed":{"minecraft:spider":1,"minecraft:skeleton":1,"minecraft:sheep":6,"minecraft:zombie":5,"minecraft:cow":5},"minecraft:crafted":{"minecraft:oak_slab":6,"minecraft:oak_planks":88,"minecraft:crafting_table":5,"minecraft:wooden_pickaxe":1,"minecraft:furnace":2,"minecraft:birch_planks":8,"minecraft:bucket":1,"minecraft:stone_axe":1,"minecraft:bread":12,"minecraft:cooked_mutton":8,"minecraft:air":0,"minecraft:flint_and_steel":1,"minecraft:shield":1,"minecraft:stick":20,"minecraft:iron_ingot":1,"minecraft:stone_pickaxe":2,"minecraft:wooden_axe":1,"minecraft:chest":1,"minecraft:white_bed":2,"minecraft:torch":68,"minecraft:wheat":36},"minecraft:custom":{"minecraft:interact_with_furnace":11,"minecraft:mob_kills":19,"minecraft:interact_with_crafting_table":13,"minecraft:leave_game":8,"minecraft:time_since_death":4395,"minecraft:sleep_in_bed":5,"minecraft:time_since_rest":4443,"minecraft:sprint_one_cm":186533,"minecraft:damage_taken":1158,"minecraft:walk_one_cm":117952,"minecraft:drop":6,"minecraft:damage_dealt":2396,"minecraft:swim_one_cm":1846,"minecraft:talked_to_villager":2,"minecraft:fly_one_cm":184809,"minecraft:open_chest":3,"minecraft:crouch_one_cm":12273,"minecraft:play_time":57632,"minecraft:deaths":1,"minecraft:sneak_time":4887,"minecraft:walk_under_water_one_cm":8396,"minecraft:jump":1179,"minecraft:walk_on_water_one_cm":2440,"minecraft:total_world_time":57632,"minecraft:fall_one_cm":25282},"minecraft:dropped":{"minecraft:wheat_seeds":2,"minecraft:cobblestone":4},"minecraft:mined":{"minecraft:white_bed":2,"minecraft:crafting_table":2,"minecraft:torch":8,"minecraft:granite":1,"minecraft:grass_block":6,"minecraft:calcite":4,"minecraft:tall_grass":1,"minecraft:copper_ore":1,"minecraft:cobblestone":3,"minecraft:oak_planks":6,"minecraft:diorite":8,"minecraft:wall_torch":1,"minecraft:amethyst_block":7,"minecraft:hay_block":4,"minecraft:birch_log":4,"minecraft:iron_ore":24,"minecraft:andesite":8,"minecraft:grass":42,"minecraft:oak_log":27,"minecraft:coal_ore":43,"minecraft:gravel":6,"minecraft:dirt":8,"minecraft:smooth_basalt":4,"minecraft:stone":121,"minecraft:oak_leaves":4},"minecraft:picked_up":{"minecraft:wooden_axe":3,"minecraft:birch_log":2,"minecraft:crafting_table":3,"minecraft:feather":2,"minecraft:cooked_beef":2,"minecraft:andesite":11,"minecraft:leather":6,"minecraft:wooden_pickaxe":1,"minecraft:flint":1,"minecraft:oak_log":32,"minecraft:shield":1,"minecraft:amethyst_block":24,"minecraft:dirt":15,"minecraft:string":1,"minecraft:raw_copper":4,"minecraft:flint_and_steel":1,"minecraft:cooked_mutton":1,"minecraft:wheat_seeds":7,"minecraft:bucket":1,"minecraft:iron_ingot":4,"minecraft:stone_pickaxe":3,"minecraft:beef":7,"minecraft:cooked_chicken":1,"minecraft:calcite":3,"minecraft:poppy":1,"minecraft:oak_planks":82,"minecraft:egg":1,"minecraft:furnace":4,"minecraft:stick":7,"minecraft:raw_iron":24,"minecraft:smooth_basalt":6,"minecraft:torch":39,"minecraft:warped_wart_block":6,"minecraft:gravel":6,"minecraft:amethyst_shard":8,"minecraft:diorite":8,"minecraft:white_bed":2,"minecraft:spider_eye":1,"minecraft:stone_axe":1,"minecraft:hay_block":4,"minecraft:granite":1,"minecraft:oak_sapling":1,"minecraft:mutton":14,"minecraft:coal":72,"minecraft:white_wool":6,"minecraft:cobblestone":163}},"DataVersion":3120}