{"stats":{"minecraft:picked_up":{"minecraft:leather":8,"minecraft:stone_axe":1,"minecraft:hay_block":1,"minecraft:beef":3,"minecraft:stone_pickaxe":1,"minecraft:mutton":2,"minecraft:white_wool":1},"minecraft:killed_by":{"sanitydim:sneaking_terror":1},"minecraft:custom":{"minecraft:time_since_rest":0,"minecraft:open_chest":2,"minecraft:crouch_one_cm":3,"minecraft:play_time":50761,"minecraft:sprint_one_cm":31193,"minecraft:deaths":1,"minecraft:damage_taken":270,"minecraft:walk_one_cm":26585,"minecraft:sneak_time":12,"minecraft:mob_kills":9,"minecraft:jump":226,"minecraft:damage_dealt":1734,"minecraft:leave_game":1,"minecraft:time_since_death":557,"minecraft:sleep_in_bed":1,"minecraft:total_world_time":50761,"minecraft:fall_one_cm":4296,"minecraft:fly_one_cm":38448},"minecraft:killed":{"minecraft:sheep":1,"minecraft:horse":5,"minecraft:cow":3},"minecraft:used":{"minecraft:stone_axe":23,"minecraft:potato":2},"minecraft:mined":{"minecraft:grass":7,"minecraft:yellow_carpet":1,"minecraft:tall_grass":10}},"DataVersion":3120}