{"stats":{"minecraft:dropped":{"minecraft:wheat_seeds":13,"minecraft:baked_potato":12,"minecraft:oak_fence":4,"minecraft:feather":1,"minecraft:cobblestone":25,"minecraft:apple":5,"minecraft:granite":1,"minecraft:coal":48,"minecraft:emerald":4,"minecraft:dirt":1,"minecraft:diorite":6,"minecraft:torch":40,"minecraft:wooden_axe":2,"minecraft:string":1,"minecraft:lily_pad":512,"minecraft:white_wool":2,"minecraft:bone":1,"minecraft:gravel":5,"minecraft:stone_sword":1,"minecraft:rotten_flesh":6,"minecraft:oak_planks":4,"minecraft:enchanted_golden_apple":2,"thestarvedstalker:cadasite":10,"minecraft:carrot":7,"minecraft:poppy":6,"minecraft:allium":2,"minecraft:andesite":8,"minecraft:beetroot_seeds":7,"minecraft:spider_eye":1,"minecraft:arrow":1,"minecraft:stone_pickaxe":1,"minecraft:wooden_pickaxe":2},"minecraft:mined":{"minecraft:white_bed":11,"minecraft:granite":1,"minecraft:grass_block":5,"minecraft:spawner":1,"minecraft:furnace":4,"minecraft:carrots":9,"minecraft:iron_ore":42,"minecraft:andesite":9,"minecraft:potatoes":1,"minecraft:deepslate_iron_ore":3,"minecraft:stone":128,"minecraft:glass_pane":1,"minecraft:powder_snow":5,"minecraft:crafting_table":20,"minecraft:torch":4,"minecraft:tall_grass":2,"minecraft:cobblestone":3,"minecraft:lapis_ore":9,"minecraft:oak_planks":4,"minecraft:wall_torch":3,"minecraft:birch_log":20,"minecraft:wheat":14,"minecraft:yellow_bed":11,"minecraft:grass":23,"minecraft:oak_log":74,"minecraft:coal_ore":92,"minecraft:beetroots":2,"minecraft:cobweb":49,"minecraft:oak_leaves":8},"minecraft:used":{"minecraft:beetroot":2,"minecraft:stone_sword":42,"minecraft:shield":6,"minecraft:iron_sword":82,"minecraft:rotten_flesh":5,"minecraft:torch":100,"minecraft:carrot":19,"minecraft:allium":6,"minecraft:wooden_axe":53,"minecraft:beef":2,"minecraft:furnace":5,"minecraft:egg":2,"minecraft:cooked_beef":2,"minecraft:potato":10,"minecraft:iron_leggings":1,"minecraft:wheat_seeds":28,"minecraft:water_bucket":11,"minecraft:baked_potato":6,"minecraft:stone_pickaxe":157,"minecraft:oak_planks":19,"minecraft:ender_pearl":1,"minecraft:wooden_pickaxe":140,"minecraft:birch_boat":2,"minecraft:blue_bed":1,"minecraft:crafting_table":20,"minecraft:white_bed":7,"minecraft:apple":5,"minecraft:chicken":1,"minecraft:bread":28,"minecraft:stone_axe":139,"minecraft:cobblestone":21,"minecraft:porkchop":2,"minecraft:cooked_porkchop":3,"minecraft:bucket":12,"minecraft:yellow_bed":13},"minecraft:picked_up":{"minecraft:wooden_axe":3,"minecraft:crafting_table":22,"minecraft:iron_chestplate":3,"minecraft:wheat":13,"minecraft:allium":17,"minecraft:chicken":7,"minecraft:golden_pickaxe":1,"minecraft:wooden_pickaxe":5,"minecraft:shield":2,"minecraft:string":49,"minecraft:flint_and_steel":4,"minecraft:iron_leggings":3,"minecraft:beetroot":2,"minecraft:detector_rail":1,"minecraft:beef":7,"minecraft:oak_boat":4,"minecraft:iron_nugget":6,"minecraft:poppy":12,"minecraft:enchanted_golden_apple":1,"minecraft:furnace":8,"minecraft:egg":2,"minecraft:iron_boots":1,"minecraft:stick":52,"minecraft:raw_iron":43,"minecraft:oak_fence":6,"minecraft:torch":98,"minecraft:porkchop":4,"minecraft:diorite":6,"minecraft:carrot":21,"minecraft:stone_sword":3,"minecraft:arrow":3,"minecraft:rotten_flesh":35,"minecraft:beetroot_seeds":7,"minecraft:gold_ingot":1,"minecraft:glow_berries":2,"minecraft:mutton":22,"minecraft:rail":8,"minecraft:white_wool":24,"minecraft:cobblestone":178,"minecraft:birch_log":20,"minecraft:feather":10,"minecraft:water_bucket":7,"minecraft:andesite":9,"minecraft:leather":16,"thestarvedstalker:starved_tooth":2,"minecraft:potato":7,"minecraft:oak_log":82,"minecraft:lily_pad":512,"minecraft:yellow_bed":16,"minecraft:gunpowder":2,"minecraft:lapis_lazuli":42,"minecraft:dirt":27,"minecraft:blue_bed":1,"minecraft:cooked_mutton":6,"minecraft:bone":3,"minecraft:apple":17,"minecraft:wheat_seeds":59,"minecraft:stone_pickaxe":9,"minecraft:iron_ingot":57,"thestarvedstalker:hungering_soil":17,"minecraft:iron_sword":4,"minecraft:oak_planks":181,"minecraft:cooked_porkchop":3,"minecraft:birch_boat":5,"minecraft:gravel":7,"minecraft:white_bed":12,"minecraft:grass_block":1,"minecraft:spider_eye":1,"minecraft:pumpkin_seeds":4,"minecraft:stone_axe":8,"thestarvedstalker:cadasite":48,"minecraft:iron_helmet":1,"minecraft:granite":1,"minecraft:golden_apple":4,"minecraft:emerald":3,"minecraft:bread":83,"minecraft:baked_potato":10,"minecraft:melon_seeds":3,"minecraft:black_wool":3,"minecraft:coal":374,"minecraft:ender_pearl":1},"minecraft:custom":{"minecraft:mob_kills":36,"minecraft:interact_with_crafting_table":56,"minecraft:bell_ring":13,"minecraft:leave_game":19,"minecraft:time_since_death":7641,"minecraft:climb_one_cm":848,"minecraft:sprint_one_cm":703903,"minecraft:walk_one_cm":325424,"minecraft:damage_blocked_by_shield":310,"minecraft:drop":54,"minecraft:talked_to_villager":25,"minecraft:play_time":157273,"minecraft:deaths":17,"minecraft:sneak_time":7780,"minecraft:walk_under_water_one_cm":6810,"minecraft:boat_one_cm":6931,"minecraft:jump":3639,"minecraft:walk_on_water_one_cm":16556,"minecraft:total_world_time":157273,"minecraft:interact_with_furnace":34,"minecraft:traded_with_villager":4,"minecraft:sleep_in_bed":20,"minecraft:time_since_rest":7720,"minecraft:damage_taken":7492,"minecraft:damage_dealt":9909,"minecraft:swim_one_cm":29685,"minecraft:fly_one_cm":813717,"minecraft:player_kills":12,"minecraft:open_chest":16,"minecraft:crouch_one_cm":10748,"minecraft:fall_one_cm":102507,"minecraft:use_cauldron":1},"minecraft:killed_by":{"minecraft:player":4,"minecraft:creeper":2,"minecraft:iron_golem":6,"minecraft:drowned":1,"minecraft:cave_spider":1,"minecraft:zombie":1},"minecraft:killed":{"minecraft:cave_spider":4,"thestarvedstalker:putrid_fangs":2,"minecraft:skeleton":1,"minecraft:chicken":4,"minecraft:pig":3,"minecraft:zombie_villager":1,"minecraft:iron_golem":1,"minecraft:creeper":2,"minecraft:sheep":1,"minecraft:zombie":10,"thestarvedstalker:hungrejaw":4,"minecraft:villager":1,"minecraft:cow":3},"minecraft:broken":{"minecraft:wooden_pickaxe":1,"minecraft:stone_axe":1,"minecraft:wooden_axe":1},"minecraft:crafted":{"minecraft:oak_planks":316,"minecraft:birch_boat":2,"minecraft:furnace":3,"minecraft:stone_pickaxe":4,"minecraft:cooked_beef":5,"minecraft:emerald":4,"minecraft:cooked_porkchop":2,"minecraft:crafting_table":5,"minecraft:baked_potato":12,"minecraft:wooden_pickaxe":3,"minecraft:bucket":1,"minecraft:birch_planks":80,"minecraft:stone_axe":4,"minecraft:bread":4,"minecraft:air":0,"minecraft:oak_boat":1,"minecraft:shield":2,"minecraft:stick":248,"minecraft:iron_ingot":7,"minecraft:wooden_axe":1,"minecraft:stone_sword":3,"minecraft:torch":244}},"DataVersion":3120}