{"stats":{"minecraft:picked_up":{"minecraft:stick":2,"minecraft:allium":1,"minecraft:feather":1,"minecraft:stone_axe":1,"minecraft:wheat_seeds":3,"minecraft:wooden_pickaxe":1,"minecraft:potato":3,"minecraft:oak_log":2,"minecraft:bread":16,"minecraft:white_wool":1,"minecraft:string":2,"minecraft:dirt":1},"minecraft:crafted":{"minecraft:oak_planks":8},"minecraft:custom":{"minecraft:time_since_rest":2973,"minecraft:crouch_one_cm":169,"minecraft:play_time":2973,"minecraft:sprint_one_cm":15278,"minecraft:damage_taken":60,"minecraft:walk_one_cm":4737,"minecraft:sneak_time":55,"minecraft:jump":71,"minecraft:damage_dealt":242,"minecraft:leave_game":2,"minecraft:time_since_death":2973,"minecraft:climb_one_cm":424,"minecraft:total_world_time":2973,"minecraft:talked_to_villager":1,"minecraft:player_kills":1,"minecraft:fall_one_cm":2268,"minecraft:fly_one_cm":15671},"minecraft:used":{"minecraft:stone_axe":3,"minecraft:potato":5}},"DataVersion":3120}