{"stats":{"minecraft:picked_up":{"minecraft:stick":2,"minecraft:allium":6,"minecraft:feather":7,"minecraft:chicken":6,"minecraft:wooden_pickaxe":2,"minecraft:potato":3,"minecraft:oak_log":2,"minecraft:dirt":1,"minecraft:string":4,"minecraft:rotten_flesh":6,"minecraft:stone_axe":2,"minecraft:wheat_seeds":12,"minecraft:iron_ingot":5,"minecraft:stone_pickaxe":1,"minecraft:bread":35,"minecraft:mutton":4,"minecraft:oak_planks":2,"minecraft:white_wool":4,"minecraft:furnace":2,"minecraft:egg":1},"minecraft:crafted":{"minecraft:oak_planks":8},"minecraft:killed_by":{"minecraft:player":1},"minecraft:custom":{"minecraft:time_since_rest":2005,"minecraft:sprint_one_cm":80734,"minecraft:damage_taken":785,"minecraft:walk_one_cm":34886,"minecraft:mob_kills":7,"minecraft:drop":8,"minecraft:damage_dealt":1783,"minecraft:talked_to_villager":2,"minecraft:fly_one_cm":131259,"minecraft:player_kills":3,"minecraft:crouch_one_cm":169,"minecraft:play_time":14973,"minecraft:deaths":1,"minecraft:sneak_time":65,"minecraft:jump":535,"minecraft:leave_game":2,"minecraft:total_world_time":14973,"minecraft:time_since_death":1960,"minecraft:climb_one_cm":848,"minecraft:fall_one_cm":19016},"minecraft:killed":{"minecraft:sheep":1,"minecraft:zombie":3,"minecraft:chicken":3},"minecraft:dropped":{"minecraft:wheat_seeds":3,"minecraft:feather":1,"minecraft:rotten_flesh":3,"minecraft:white_wool":2},"minecraft:used":{"minecraft:bread":9,"minecraft:stone_axe":26,"minecraft:allium":1,"minecraft:egg":1,"minecraft:potato":5},"minecraft:mined":{"minecraft:white_bed":1,"minecraft:grass":3,"minecraft:oak_planks":2}},"DataVersion":3120}