{"stats":{"minecraft:picked_up":{"minecraft:wooden_axe":2,"minecraft:birch_log":9,"minecraft:stick":2,"minecraft:crafting_table":1,"minecraft:allium":6,"minecraft:feather":7,"minecraft:chicken":6,"minecraft:wooden_pickaxe":2,"minecraft:potato":3,"minecraft:oak_log":2,"minecraft:white_bed":1,"minecraft:dirt":2,"minecraft:string":4,"minecraft:rotten_flesh":8,"minecraft:stone_axe":2,"minecraft:wheat_seeds":13,"thestarvedstalker:cadasite":5,"minecraft:iron_ingot":5,"minecraft:stone_pickaxe":1,"minecraft:bread":44,"minecraft:mutton":12,"minecraft:oak_planks":3,"minecraft:furnace":2,"minecraft:white_wool":4,"minecraft:cobblestone":16,"minecraft:egg":1},"minecraft:crafted":{"minecraft:oak_planks":8,"minecraft:crafting_table":1,"minecraft:stick":8,"minecraft:birch_boat":1,"minecraft:stone_pickaxe":1,"minecraft:stone_sword":1,"minecraft:birch_planks":36,"minecraft:stone_axe":1},"minecraft:broken":{"minecraft:stone_axe":1},"minecraft:killed_by":{"minecraft:player":1},"minecraft:custom":{"minecraft:time_since_rest":12614,"minecraft:sprint_one_cm":138982,"minecraft:damage_taken":1090,"minecraft:walk_one_cm":62687,"minecraft:mob_kills":13,"minecraft:drop":12,"minecraft:damage_dealt":3080,"minecraft:interact_with_crafting_table":7,"minecraft:fly_one_cm":187061,"minecraft:player_kills":3,"minecraft:talked_to_villager":3,"minecraft:open_chest":1,"minecraft:crouch_one_cm":169,"minecraft:play_time":28063,"minecraft:deaths":1,"minecraft:sneak_time":114,"minecraft:jump":810,"minecraft:leave_game":4,"minecraft:time_since_death":15050,"minecraft:walk_on_water_one_cm":85,"minecraft:sleep_in_bed":1,"minecraft:total_world_time":28063,"minecraft:climb_one_cm":848,"minecraft:fall_one_cm":25575},"minecraft:killed":{"minecraft:sheep":1,"minecraft:zombie":4,"thestarvedstalker:putrid_fangs":1,"thestarvedstalker:hungrejaw":3,"minecraft:chicken":3,"minecraft:zombie_villager":1},"minecraft:dropped":{"minecraft:dirt":1,"minecraft:wheat_seeds":13,"minecraft:wooden_axe":1,"minecraft:feather":1,"minecraft:cobblestone":8,"minecraft:rotten_flesh":3,"minecraft:white_wool":2},"minecraft:used":{"minecraft:stone_sword":4,"minecraft:bread":19,"minecraft:wooden_pickaxe":20,"minecraft:stone_axe":50,"minecraft:crafting_table":1,"minecraft:allium":1,"minecraft:potato":5,"minecraft:egg":1},"minecraft:mined":{"minecraft:white_bed":2,"minecraft:birch_log":9,"minecraft:crafting_table":1,"minecraft:grass":5,"minecraft:grass_block":1,"minecraft:stone":19,"minecraft:oak_planks":3}},"DataVersion":3120}