{"stats":{"minecraft:mined":{"minecraft:white_bed":5,"minecraft:powder_snow":5,"minecraft:crafting_table":5,"minecraft:torch":2,"minecraft:granite":1,"minecraft:grass_block":2,"minecraft:tall_grass":1,"minecraft:oak_planks":3,"minecraft:carrots":9,"minecraft:birch_log":9,"minecraft:iron_ore":4,"minecraft:wheat":14,"minecraft:andesite":8,"minecraft:yellow_bed":1,"minecraft:grass":14,"minecraft:potatoes":1,"minecraft:coal_ore":38,"minecraft:oak_log":3,"minecraft:beetroots":2,"minecraft:stone":57},"minecraft:dropped":{"minecraft:gravel":1,"minecraft:wheat_seeds":13,"minecraft:stone_sword":1,"minecraft:feather":1,"minecraft:cobblestone":25,"minecraft:rotten_flesh":5,"minecraft:oak_planks":4,"minecraft:apple":5,"minecraft:granite":1,"thestarvedstalker:cadasite":10,"minecraft:carrot":7,"minecraft:poppy":4,"minecraft:dirt":1,"minecraft:allium":2,"minecraft:wooden_axe":1,"minecraft:andesite":8,"minecraft:beetroot_seeds":7,"minecraft:arrow":1,"minecraft:stone_pickaxe":1,"minecraft:wooden_pickaxe":1,"minecraft:lily_pad":512,"minecraft:white_wool":2,"minecraft:bone":1},"minecraft:used":{"minecraft:beetroot":2,"minecraft:wheat_seeds":28,"minecraft:water_bucket":3,"minecraft:stone_sword":9,"minecraft:stone_pickaxe":65,"minecraft:ender_pearl":1,"minecraft:wooden_pickaxe":44,"minecraft:birch_boat":1,"minecraft:iron_sword":20,"minecraft:blue_bed":1,"minecraft:torch":22,"minecraft:crafting_table":5,"minecraft:white_bed":2,"minecraft:allium":1,"minecraft:carrot":19,"minecraft:apple":5,"minecraft:bread":22,"minecraft:stone_axe":73,"minecraft:porkchop":2,"minecraft:furnace":1,"minecraft:cooked_porkchop":1,"minecraft:bucket":3,"minecraft:egg":1,"minecraft:yellow_bed":5,"minecraft:potato":10},"minecraft:picked_up":{"minecraft:wooden_axe":2,"minecraft:birch_log":9,"minecraft:iron_chestplate":2,"minecraft:crafting_table":6,"minecraft:allium":12,"minecraft:wheat":13,"minecraft:feather":8,"minecraft:chicken":6,"minecraft:water_bucket":5,"minecraft:andesite":8,"minecraft:golden_pickaxe":1,"minecraft:leather":14,"thestarvedstalker:starved_tooth":1,"minecraft:wooden_pickaxe":4,"minecraft:potato":7,"minecraft:oak_log":5,"minecraft:lily_pad":512,"minecraft:yellow_bed":6,"minecraft:gunpowder":2,"minecraft:blue_bed":1,"minecraft:string":4,"minecraft:dirt":2,"minecraft:flint_and_steel":4,"minecraft:iron_leggings":2,"minecraft:cooked_mutton":6,"minecraft:bone":3,"minecraft:beetroot":2,"minecraft:apple":17,"minecraft:wheat_seeds":57,"minecraft:iron_ingot":23,"minecraft:stone_pickaxe":7,"minecraft:oak_boat":2,"minecraft:iron_nugget":6,"minecraft:poppy":8,"thestarvedstalker:hungering_soil":17,"minecraft:oak_planks":92,"minecraft:iron_sword":2,"minecraft:iron_boots":1,"minecraft:furnace":2,"minecraft:egg":1,"minecraft:raw_iron":4,"minecraft:stick":8,"minecraft:cooked_porkchop":3,"minecraft:birch_boat":5,"minecraft:torch":5,"minecraft:gravel":1,"minecraft:porkchop":2,"minecraft:white_bed":4,"minecraft:grass_block":1,"minecraft:carrot":21,"minecraft:stone_sword":2,"minecraft:arrow":3,"minecraft:rotten_flesh":26,"minecraft:beetroot_seeds":7,"minecraft:stone_axe":6,"thestarvedstalker:cadasite":29,"minecraft:iron_helmet":1,"minecraft:granite":1,"minecraft:bread":82,"minecraft:emerald":3,"minecraft:black_wool":3,"minecraft:mutton":22,"minecraft:coal":79,"minecraft:white_wool":24,"minecraft:cobblestone":95,"minecraft:ender_pearl":1},"minecraft:custom":{"minecraft:interact_with_furnace":12,"minecraft:mob_kills":24,"minecraft:interact_with_crafting_table":23,"minecraft:bell_ring":9,"minecraft:leave_game":14,"minecraft:time_since_death":249,"minecraft:climb_one_cm":848,"minecraft:sleep_in_bed":9,"minecraft:time_since_rest":289,"minecraft:sprint_one_cm":395682,"minecraft:damage_taken":3975,"minecraft:walk_one_cm":188892,"minecraft:drop":38,"minecraft:damage_dealt":6494,"minecraft:talked_to_villager":10,"minecraft:fly_one_cm":526536,"minecraft:player_kills":7,"minecraft:open_chest":9,"minecraft:crouch_one_cm":3410,"minecraft:play_time":84785,"minecraft:deaths":8,"minecraft:sneak_time":2028,"minecraft:jump":2231,"minecraft:walk_on_water_one_cm":1128,"minecraft:total_world_time":84785,"minecraft:fall_one_cm":60819},"minecraft:killed_by":{"minecraft:player":3,"minecraft:creeper":1,"minecraft:zombie":1,"minecraft:iron_golem":2},"minecraft:killed":{"minecraft:pig":1,"thestarvedstalker:putrid_fangs":2,"minecraft:zombie_villager":1,"minecraft:creeper":2,"minecraft:sheep":1,"minecraft:skeleton":1,"minecraft:zombie":8,"thestarvedstalker:hungrejaw":4,"minecraft:chicken":3,"minecraft:villager":1},"minecraft:broken":{"minecraft:stone_axe":1},"minecraft:crafted":{"minecraft:oak_planks":20,"minecraft:crafting_table":2,"minecraft:wooden_pickaxe":1,"minecraft:birch_boat":1,"minecraft:furnace":1,"minecraft:birch_planks":36,"minecraft:stone_axe":2,"minecraft:bread":4,"minecraft:air":0,"minecraft:shield":1,"minecraft:stick":32,"minecraft:iron_ingot":6,"minecraft:stone_pickaxe":2,"minecraft:stone_sword":2,"minecraft:torch":64}},"DataVersion":3120}