{"stats":{"minecraft:mined":{"minecraft:tuff":1,"minecraft:white_bed":12,"minecraft:granite":1,"minecraft:grass_block":5,"minecraft:spawner":1,"minecraft:furnace":5,"minecraft:carrots":9,"minecraft:iron_ore":58,"minecraft:andesite":18,"minecraft:potatoes":1,"minecraft:deepslate_iron_ore":16,"minecraft:stone":133,"minecraft:glass_pane":1,"minecraft:powder_snow":5,"minecraft:crafting_table":24,"minecraft:torch":4,"minecraft:tall_grass":2,"minecraft:cobblestone":10,"minecraft:deepslate_gold_ore":2,"minecraft:lapis_ore":11,"minecraft:oak_planks":8,"minecraft:wall_torch":3,"minecraft:birch_log":20,"minecraft:wheat":14,"minecraft:yellow_bed":11,"minecraft:grass":23,"minecraft:oak_log":74,"minecraft:coal_ore":92,"minecraft:beetroots":2,"minecraft:cobweb":57,"minecraft:gold_ore":1,"minecraft:deepslate":2,"minecraft:oak_leaves":8},"minecraft:dropped":{"minecraft:iron_sword":2,"minecraft:wheat_seeds":13,"minecraft:baked_potato":12,"minecraft:oak_fence":4,"minecraft:feather":1,"minecraft:cobblestone":25,"minecraft:apple":5,"minecraft:granite":1,"minecraft:coal":48,"minecraft:emerald":4,"minecraft:dirt":1,"minecraft:diorite":6,"minecraft:torch":40,"minecraft:wooden_axe":2,"minecraft:string":1,"minecraft:lily_pad":512,"minecraft:white_wool":2,"minecraft:bone":1,"minecraft:gravel":5,"minecraft:cobbled_deepslate":1,"minecraft:stone_sword":1,"minecraft:rotten_flesh":12,"minecraft:oak_planks":4,"minecraft:enchanted_golden_apple":2,"thestarvedstalker:cadasite":10,"minecraft:carrot":7,"minecraft:poppy":6,"minecraft:allium":2,"minecraft:andesite":18,"minecraft:beetroot_seeds":7,"minecraft:spider_eye":1,"minecraft:arrow":1,"minecraft:stone_pickaxe":2,"minecraft:wooden_pickaxe":2},"minecraft:used":{"minecraft:beetroot":2,"minecraft:stone_sword":42,"minecraft:shield":37,"minecraft:iron_sword":113,"minecraft:rotten_flesh":5,"minecraft:torch":131,"minecraft:carrot":19,"minecraft:allium":6,"minecraft:tuff":1,"minecraft:wooden_axe":53,"minecraft:beef":2,"minecraft:furnace":6,"minecraft:egg":2,"minecraft:cooked_beef":8,"minecraft:potato":10,"minecraft:cobbled_deepslate":1,"minecraft:iron_leggings":1,"minecraft:wheat_seeds":28,"minecraft:water_bucket":14,"minecraft:baked_potato":6,"minecraft:stone_pickaxe":183,"minecraft:oak_planks":33,"minecraft:ender_pearl":1,"minecraft:wooden_pickaxe":140,"minecraft:birch_boat":2,"minecraft:blue_bed":1,"minecraft:crafting_table":23,"minecraft:white_bed":8,"minecraft:apple":5,"minecraft:chicken":1,"minecraft:bread":28,"minecraft:iron_pickaxe":34,"minecraft:stone_axe":147,"minecraft:cobblestone":43,"minecraft:porkchop":2,"minecraft:cooked_porkchop":3,"minecraft:bucket":15,"minecraft:yellow_bed":13},"minecraft:picked_up":{"minecraft:wooden_axe":3,"minecraft:crafting_table":27,"minecraft:iron_chestplate":4,"minecraft:wheat":13,"minecraft:allium":17,"minecraft:chicken":7,"minecraft:golden_pickaxe":1,"minecraft:wooden_pickaxe":5,"minecraft:shield":3,"minecraft:string":57,"minecraft:flint_and_steel":4,"minecraft:iron_leggings":4,"minecraft:beetroot":2,"minecraft:cobbled_deepslate":4,"minecraft:detector_rail":1,"minecraft:beef":7,"minecraft:oak_boat":5,"minecraft:iron_nugget":6,"minecraft:poppy":12,"minecraft:enchanted_golden_apple":1,"minecraft:furnace":9,"minecraft:egg":2,"minecraft:iron_boots":2,"minecraft:stick":52,"minecraft:raw_iron":72,"minecraft:oak_fence":6,"minecraft:torch":114,"minecraft:porkchop":4,"minecraft:diorite":6,"minecraft:carrot":21,"minecraft:stone_sword":3,"minecraft:arrow":5,"minecraft:rotten_flesh":52,"minecraft:beetroot_seeds":7,"minecraft:gold_ingot":2,"minecraft:glow_berries":2,"minecraft:mutton":22,"minecraft:rail":11,"minecraft:white_wool":26,"minecraft:cobblestone":199,"minecraft:birch_log":20,"minecraft:feather":10,"minecraft:cooked_beef":16,"minecraft:water_bucket":8,"minecraft:andesite":27,"minecraft:leather":16,"thestarvedstalker:starved_tooth":2,"minecraft:potato":7,"minecraft:tuff":1,"minecraft:oak_log":83,"minecraft:lily_pad":512,"minecraft:yellow_bed":16,"minecraft:gunpowder":2,"minecraft:lapis_lazuli":96,"minecraft:dirt":27,"minecraft:blue_bed":1,"minecraft:name_tag":1,"minecraft:cooked_mutton":6,"minecraft:bone":3,"minecraft:apple":17,"minecraft:wheat_seeds":59,"minecraft:raw_gold":2,"minecraft:stone_pickaxe":11,"minecraft:iron_ingot":67,"thestarvedstalker:hungering_soil":17,"minecraft:iron_sword":6,"minecraft:oak_planks":211,"minecraft:cooked_porkchop":3,"minecraft:birch_boat":5,"minecraft:gravel":7,"minecraft:white_bed":13,"minecraft:grass_block":1,"minecraft:spider_eye":1,"minecraft:pumpkin_seeds":4,"minecraft:stone_axe":9,"thestarvedstalker:cadasite":48,"minecraft:iron_helmet":2,"minecraft:granite":1,"minecraft:golden_apple":6,"minecraft:emerald":3,"minecraft:bread":83,"minecraft:baked_potato":10,"minecraft:melon_seeds":3,"minecraft:black_wool":3,"minecraft:coal":382,"minecraft:ender_pearl":1},"minecraft:custom":{"minecraft:mob_kills":40,"minecraft:interact_with_crafting_table":65,"minecraft:bell_ring":13,"minecraft:leave_game":19,"minecraft:time_since_death":13823,"minecraft:climb_one_cm":848,"minecraft:sprint_one_cm":769791,"minecraft:walk_one_cm":399963,"minecraft:damage_blocked_by_shield":1645,"minecraft:drop":66,"minecraft:talked_to_villager":25,"minecraft:play_time":181273,"minecraft:deaths":18,"minecraft:sneak_time":8607,"minecraft:walk_under_water_one_cm":7559,"minecraft:boat_one_cm":6931,"minecraft:jump":4045,"minecraft:walk_on_water_one_cm":16876,"minecraft:total_world_time":181273,"minecraft:interact_with_furnace":51,"minecraft:traded_with_villager":4,"minecraft:sleep_in_bed":22,"minecraft:time_since_rest":5019,"minecraft:damage_taken":8072,"minecraft:damage_dealt":11003,"minecraft:swim_one_cm":29685,"minecraft:fly_one_cm":844838,"minecraft:player_kills":12,"minecraft:open_chest":16,"minecraft:crouch_one_cm":12371,"minecraft:fall_one_cm":108290,"minecraft:use_cauldron":1},"minecraft:killed_by":{"minecraft:player":5,"minecraft:creeper":2,"minecraft:iron_golem":6,"minecraft:drowned":1,"minecraft:cave_spider":1,"minecraft:zombie":1},"minecraft:killed":{"minecraft:cave_spider":4,"thestarvedstalker:putrid_fangs":2,"minecraft:skeleton":2,"minecraft:chicken":4,"minecraft:pig":3,"minecraft:zombie_villager":1,"minecraft:iron_golem":1,"minecraft:creeper":2,"minecraft:sheep":1,"minecraft:zombie":16,"thestarvedstalker:hungrejaw":4,"minecraft:villager":1,"minecraft:cow":3},"minecraft:broken":{"minecraft:wooden_pickaxe":1,"minecraft:stone_axe":1,"minecraft:wooden_axe":1},"minecraft:crafted":{"minecraft:oak_planks":320,"minecraft:birch_boat":2,"minecraft:furnace":3,"minecraft:iron_boots":1,"minecraft:stone_pickaxe":4,"minecraft:cooked_beef":5,"minecraft:emerald":4,"minecraft:cooked_porkchop":2,"minecraft:crafting_table":6,"minecraft:iron_helmet":1,"minecraft:baked_potato":12,"minecraft:wooden_pickaxe":3,"minecraft:iron_sword":1,"minecraft:bucket":1,"minecraft:birch_planks":80,"minecraft:stone_axe":4,"minecraft:bread":4,"minecraft:air":0,"minecraft:oak_boat":1,"minecraft:iron_chestplate":1,"minecraft:white_wool":2,"minecraft:shield":2,"minecraft:stick":264,"minecraft:iron_pickaxe":1,"minecraft:iron_ingot":31,"minecraft:wooden_axe":1,"minecraft:stone_sword":3,"minecraft:iron_leggings":1,"minecraft:torch":280}},"DataVersion":3120}