{"stats":{"minecraft:dropped":{"minecraft:wheat_seeds":13,"minecraft:feather":1,"minecraft:cobblestone":25,"minecraft:apple":5,"minecraft:granite":1,"minecraft:dirt":1,"minecraft:wooden_axe":2,"minecraft:lily_pad":512,"minecraft:white_wool":2,"minecraft:bone":1,"minecraft:gravel":1,"minecraft:stone_sword":1,"minecraft:rotten_flesh":5,"minecraft:oak_planks":4,"thestarvedstalker:cadasite":10,"minecraft:carrot":7,"minecraft:poppy":4,"minecraft:allium":2,"minecraft:beetroot_seeds":7,"minecraft:andesite":8,"minecraft:arrow":1,"minecraft:stone_pickaxe":1,"minecraft:wooden_pickaxe":1},"minecraft:mined":{"minecraft:white_bed":6,"minecraft:granite":1,"minecraft:grass_block":5,"minecraft:furnace":3,"minecraft:carrots":9,"minecraft:iron_ore":6,"minecraft:andesite":9,"minecraft:potatoes":1,"minecraft:stone":112,"minecraft:powder_snow":5,"minecraft:crafting_table":15,"minecraft:torch":2,"minecraft:tall_grass":2,"minecraft:oak_planks":3,"minecraft:birch_log":20,"minecraft:wheat":14,"minecraft:yellow_bed":8,"minecraft:grass":20,"minecraft:oak_log":33,"minecraft:coal_ore":85,"minecraft:beetroots":2,"minecraft:oak_leaves":6},"minecraft:used":{"minecraft:beetroot":2,"minecraft:stone_sword":41,"minecraft:iron_sword":20,"minecraft:rotten_flesh":5,"minecraft:torch":28,"minecraft:carrot":19,"minecraft:allium":6,"minecraft:wooden_axe":53,"minecraft:beef":2,"minecraft:furnace":5,"minecraft:egg":2,"minecraft:cooked_beef":2,"minecraft:potato":10,"minecraft:iron_leggings":1,"minecraft:wheat_seeds":28,"minecraft:water_bucket":3,"minecraft:stone_pickaxe":80,"minecraft:oak_planks":7,"minecraft:ender_pearl":1,"minecraft:birch_boat":2,"minecraft:wooden_pickaxe":138,"minecraft:blue_bed":1,"minecraft:crafting_table":14,"minecraft:white_bed":3,"minecraft:apple":5,"minecraft:chicken":1,"minecraft:bread":22,"minecraft:stone_axe":86,"minecraft:cobblestone":7,"minecraft:porkchop":2,"minecraft:cooked_porkchop":3,"minecraft:bucket":3,"minecraft:yellow_bed":9},"minecraft:picked_up":{"minecraft:wooden_axe":3,"minecraft:crafting_table":15,"minecraft:iron_chestplate":3,"minecraft:wheat":13,"minecraft:allium":17,"minecraft:chicken":7,"minecraft:golden_pickaxe":1,"minecraft:wooden_pickaxe":4,"minecraft:string":4,"minecraft:flint_and_steel":4,"minecraft:iron_leggings":3,"minecraft:beetroot":2,"minecraft:beef":7,"minecraft:oak_boat":2,"minecraft:iron_nugget":6,"minecraft:poppy":8,"minecraft:egg":2,"minecraft:iron_boots":1,"minecraft:furnace":5,"minecraft:stick":8,"minecraft:raw_iron":6,"minecraft:torch":7,"minecraft:porkchop":4,"minecraft:carrot":21,"minecraft:stone_sword":3,"minecraft:arrow":3,"minecraft:rotten_flesh":31,"minecraft:beetroot_seeds":7,"minecraft:mutton":22,"minecraft:white_wool":24,"minecraft:cobblestone":151,"minecraft:birch_log":20,"minecraft:feather":10,"minecraft:water_bucket":5,"minecraft:andesite":9,"minecraft:leather":16,"thestarvedstalker:starved_tooth":2,"minecraft:potato":7,"minecraft:lily_pad":512,"minecraft:oak_log":35,"minecraft:yellow_bed":13,"minecraft:gunpowder":2,"minecraft:dirt":27,"minecraft:blue_bed":1,"minecraft:cooked_mutton":6,"minecraft:bone":3,"minecraft:apple":17,"minecraft:wheat_seeds":59,"minecraft:iron_ingot":44,"minecraft:stone_pickaxe":7,"thestarvedstalker:hungering_soil":17,"minecraft:iron_sword":2,"minecraft:oak_planks":92,"minecraft:cooked_porkchop":3,"minecraft:birch_boat":5,"minecraft:gravel":1,"minecraft:white_bed":6,"minecraft:grass_block":1,"minecraft:stone_axe":6,"thestarvedstalker:cadasite":48,"minecraft:iron_helmet":1,"minecraft:granite":1,"minecraft:golden_apple":1,"minecraft:emerald":3,"minecraft:bread":82,"minecraft:black_wool":3,"minecraft:coal":137,"minecraft:ender_pearl":1},"minecraft:custom":{"minecraft:mob_kills":32,"minecraft:interact_with_crafting_table":44,"minecraft:bell_ring":9,"minecraft:leave_game":15,"minecraft:time_since_death":6728,"minecraft:climb_one_cm":848,"minecraft:sprint_one_cm":488955,"minecraft:walk_one_cm":238696,"minecraft:drop":39,"minecraft:talked_to_villager":12,"minecraft:play_time":116282,"minecraft:deaths":15,"minecraft:sneak_time":5014,"minecraft:walk_under_water_one_cm":6230,"minecraft:boat_one_cm":6931,"minecraft:jump":2940,"minecraft:walk_on_water_one_cm":5755,"minecraft:total_world_time":116282,"minecraft:interact_with_furnace":25,"minecraft:sleep_in_bed":14,"minecraft:time_since_rest":4118,"minecraft:damage_taken":6549,"minecraft:damage_dealt":9240,"minecraft:swim_one_cm":28986,"minecraft:fly_one_cm":672715,"minecraft:player_kills":12,"minecraft:open_chest":12,"minecraft:crouch_one_cm":6734,"minecraft:fall_one_cm":84706},"minecraft:killed_by":{"minecraft:player":4,"minecraft:creeper":2,"minecraft:iron_golem":6,"minecraft:drowned":1,"minecraft:zombie":1},"minecraft:killed":{"thestarvedstalker:putrid_fangs":2,"minecraft:skeleton":1,"minecraft:chicken":4,"minecraft:pig":3,"minecraft:zombie_villager":1,"minecraft:iron_golem":1,"minecraft:creeper":2,"minecraft:sheep":1,"minecraft:zombie":9,"thestarvedstalker:hungrejaw":4,"minecraft:villager":1,"minecraft:cow":3},"minecraft:broken":{"minecraft:wooden_pickaxe":1,"minecraft:stone_axe":1,"minecraft:wooden_axe":1},"minecraft:crafted":{"minecraft:oak_planks":128,"minecraft:birch_boat":2,"minecraft:furnace":3,"minecraft:stone_pickaxe":4,"minecraft:cooked_beef":5,"minecraft:cooked_porkchop":2,"minecraft:crafting_table":5,"minecraft:wooden_pickaxe":3,"minecraft:birch_planks":80,"minecraft:stone_axe":4,"minecraft:bread":4,"minecraft:air":0,"minecraft:shield":1,"minecraft:stick":72,"minecraft:iron_ingot":6,"minecraft:wooden_axe":1,"minecraft:stone_sword":3,"minecraft:torch":144}},"DataVersion":3120}