{"stats":{"minecraft:picked_up":{"minecraft:wooden_axe":2,"minecraft:birch_log":9,"minecraft:crafting_table":1,"minecraft:allium":6,"minecraft:feather":7,"minecraft:chicken":6,"minecraft:leather":1,"thestarvedstalker:starved_tooth":1,"minecraft:wooden_pickaxe":2,"minecraft:potato":3,"minecraft:oak_log":2,"minecraft:yellow_bed":6,"minecraft:string":4,"minecraft:dirt":2,"minecraft:blue_bed":1,"minecraft:bone":2,"minecraft:apple":5,"minecraft:wheat_seeds":13,"minecraft:iron_ingot":5,"minecraft:stone_pickaxe":1,"minecraft:oak_planks":3,"minecraft:egg":1,"minecraft:furnace":2,"minecraft:stick":2,"minecraft:white_bed":1,"minecraft:arrow":2,"minecraft:rotten_flesh":12,"minecraft:stone_axe":2,"thestarvedstalker:cadasite":10,"minecraft:bread":44,"minecraft:mutton":12,"minecraft:white_wool":4,"minecraft:cobblestone":16},"minecraft:crafted":{"minecraft:oak_planks":8,"minecraft:crafting_table":1,"minecraft:birch_boat":1,"minecraft:birch_planks":36,"minecraft:stone_axe":1,"minecraft:stick":8,"minecraft:stone_pickaxe":1,"minecraft:stone_sword":1},"minecraft:broken":{"minecraft:stone_axe":1},"minecraft:killed_by":{"minecraft:player":1},"minecraft:custom":{"minecraft:mob_kills":15,"minecraft:interact_with_crafting_table":7,"minecraft:leave_game":4,"minecraft:time_since_death":6652,"minecraft:sleep_in_bed":8,"minecraft:climb_one_cm":848,"minecraft:time_since_rest":1441,"minecraft:sprint_one_cm":178414,"minecraft:damage_taken":2015,"minecraft:walk_one_cm":85935,"minecraft:drop":14,"minecraft:damage_dealt":3305,"minecraft:talked_to_villager":3,"minecraft:fly_one_cm":258855,"minecraft:player_kills":3,"minecraft:open_chest":3,"minecraft:crouch_one_cm":169,"minecraft:play_time":36426,"minecraft:deaths":2,"minecraft:sneak_time":114,"minecraft:jump":1067,"minecraft:walk_on_water_one_cm":85,"minecraft:total_world_time":36426,"minecraft:fall_one_cm":32691},"minecraft:killed":{"thestarvedstalker:putrid_fangs":2,"minecraft:zombie_villager":1,"minecraft:sheep":1,"minecraft:zombie":4,"thestarvedstalker:hungrejaw":4,"minecraft:chicken":3},"minecraft:dropped":{"minecraft:wheat_seeds":13,"minecraft:feather":1,"minecraft:cobblestone":8,"minecraft:rotten_flesh":3,"minecraft:apple":5,"thestarvedstalker:cadasite":10,"minecraft:dirt":1,"minecraft:wooden_axe":1,"minecraft:white_wool":2},"minecraft:used":{"minecraft:stone_sword":4,"minecraft:wooden_pickaxe":20,"minecraft:blue_bed":1,"minecraft:crafting_table":1,"minecraft:allium":1,"minecraft:apple":5,"minecraft:bread":19,"minecraft:stone_axe":52,"minecraft:yellow_bed":5,"minecraft:egg":1,"minecraft:potato":5},"minecraft:mined":{"minecraft:white_bed":2,"minecraft:crafting_table":1,"minecraft:grass_block":1,"minecraft:oak_planks":3,"minecraft:birch_log":9,"minecraft:yellow_bed":1,"minecraft:grass":6,"minecraft:stone":19}},"DataVersion":3120}