{"stats":{"minecraft:picked_up":{"minecraft:wooden_axe":2,"minecraft:birch_log":9,"minecraft:crafting_table":6,"minecraft:iron_chestplate":2,"minecraft:wheat":13,"minecraft:allium":12,"minecraft:feather":8,"minecraft:chicken":6,"minecraft:water_bucket":5,"minecraft:golden_pickaxe":1,"minecraft:leather":14,"thestarvedstalker:starved_tooth":1,"minecraft:wooden_pickaxe":4,"minecraft:potato":7,"minecraft:lily_pad":512,"minecraft:oak_log":5,"minecraft:yellow_bed":6,"minecraft:gunpowder":2,"minecraft:string":4,"minecraft:dirt":2,"minecraft:blue_bed":1,"minecraft:flint_and_steel":4,"minecraft:iron_leggings":2,"minecraft:cooked_mutton":6,"minecraft:bone":3,"minecraft:beetroot":2,"minecraft:apple":17,"minecraft:wheat_seeds":56,"minecraft:iron_ingot":23,"minecraft:stone_pickaxe":7,"minecraft:oak_boat":2,"minecraft:iron_nugget":6,"minecraft:poppy":8,"thestarvedstalker:hungering_soil":17,"minecraft:iron_sword":2,"minecraft:oak_planks":92,"minecraft:iron_boots":1,"minecraft:furnace":2,"minecraft:egg":1,"minecraft:stick":8,"minecraft:cooked_porkchop":3,"minecraft:birch_boat":5,"minecraft:torch":3,"minecraft:porkchop":2,"minecraft:carrot":21,"minecraft:white_bed":2,"minecraft:grass_block":1,"minecraft:stone_sword":2,"minecraft:arrow":3,"minecraft:rotten_flesh":23,"minecraft:beetroot_seeds":7,"minecraft:stone_axe":6,"thestarvedstalker:cadasite":29,"minecraft:iron_helmet":1,"minecraft:emerald":3,"minecraft:bread":82,"minecraft:black_wool":3,"minecraft:mutton":22,"minecraft:coal":70,"minecraft:white_wool":24,"minecraft:cobblestone":79,"minecraft:ender_pearl":1},"minecraft:crafted":{"minecraft:oak_planks":20,"minecraft:crafting_table":2,"minecraft:birch_boat":1,"minecraft:wooden_pickaxe":1,"minecraft:birch_planks":36,"minecraft:stone_axe":2,"minecraft:bread":4,"minecraft:stick":32,"minecraft:stone_pickaxe":2,"minecraft:stone_sword":2,"minecraft:torch":64},"minecraft:broken":{"minecraft:stone_axe":1},"minecraft:killed_by":{"minecraft:player":3,"minecraft:zombie":1},"minecraft:custom":{"minecraft:mob_kills":21,"minecraft:interact_with_crafting_table":16,"minecraft:bell_ring":9,"minecraft:leave_game":7,"minecraft:time_since_death":11667,"minecraft:sleep_in_bed":9,"minecraft:climb_one_cm":848,"minecraft:time_since_rest":2543,"minecraft:sprint_one_cm":316276,"minecraft:damage_taken":3051,"minecraft:walk_one_cm":148199,"minecraft:drop":34,"minecraft:damage_dealt":5627,"minecraft:talked_to_villager":6,"minecraft:fly_one_cm":402662,"minecraft:player_kills":7,"minecraft:open_chest":9,"minecraft:crouch_one_cm":2659,"minecraft:play_time":66405,"minecraft:deaths":5,"minecraft:sneak_time":1695,"minecraft:jump":1780,"minecraft:walk_on_water_one_cm":85,"minecraft:total_world_time":66405,"minecraft:fall_one_cm":45765},"minecraft:killed":{"minecraft:pig":1,"thestarvedstalker:putrid_fangs":2,"minecraft:zombie_villager":1,"minecraft:creeper":2,"minecraft:sheep":1,"minecraft:skeleton":1,"minecraft:zombie":5,"thestarvedstalker:hungrejaw":4,"minecraft:chicken":3,"minecraft:villager":1},"minecraft:dropped":{"minecraft:wheat_seeds":13,"minecraft:stone_sword":1,"minecraft:feather":1,"minecraft:cobblestone":25,"minecraft:rotten_flesh":5,"minecraft:oak_planks":4,"minecraft:apple":5,"thestarvedstalker:cadasite":10,"minecraft:poppy":4,"minecraft:dirt":1,"minecraft:allium":2,"minecraft:beetroot_seeds":7,"minecraft:wooden_axe":1,"minecraft:arrow":1,"minecraft:stone_pickaxe":1,"minecraft:wooden_pickaxe":1,"minecraft:lily_pad":512,"minecraft:white_wool":2,"minecraft:bone":1},"minecraft:used":{"minecraft:beetroot":2,"minecraft:wheat_seeds":28,"minecraft:water_bucket":2,"minecraft:stone_sword":9,"minecraft:stone_pickaxe":28,"minecraft:ender_pearl":1,"minecraft:wooden_pickaxe":44,"minecraft:birch_boat":1,"minecraft:iron_sword":17,"minecraft:blue_bed":1,"minecraft:torch":3,"minecraft:crafting_table":4,"minecraft:carrot":13,"minecraft:allium":1,"minecraft:white_bed":1,"minecraft:apple":5,"minecraft:bread":22,"minecraft:stone_axe":69,"minecraft:cooked_porkchop":1,"minecraft:porkchop":2,"minecraft:bucket":2,"minecraft:egg":1,"minecraft:yellow_bed":5,"minecraft:potato":10},"minecraft:mined":{"minecraft:white_bed":3,"minecraft:powder_snow":5,"minecraft:crafting_table":5,"minecraft:grass_block":2,"minecraft:oak_planks":3,"minecraft:carrots":9,"minecraft:birch_log":9,"minecraft:wheat":14,"minecraft:yellow_bed":1,"minecraft:grass":9,"minecraft:potatoes":1,"minecraft:oak_log":3,"minecraft:coal_ore":30,"minecraft:beetroots":2,"minecraft:stone":41}},"DataVersion":3120}