{"stats":{"minecraft:broken":{"minecraft:wooden_axe":1},"minecraft:killed_by":{"thestarvedstalker:the_starved_stalker_aggro":4,"sanitydim:sneaking_terror":1,"cave_dweller:cave_dweller":1},"minecraft:used":{"minecraft:cooked_mutton":3,"minecraft:birch_planks":7,"minecraft:stone_pickaxe":172,"minecraft:oak_planks":4,"minecraft:wooden_pickaxe":3,"minecraft:iron_sword":15,"minecraft:torch":26,"minecraft:dirt":8,"minecraft:crafting_table":4,"minecraft:white_bed":1,"minecraft:wooden_axe":53,"minecraft:chicken":1,"minecraft:stone_axe":5,"minecraft:light_gray_wool":1,"minecraft:cobblestone":66,"minecraft:furnace":1,"minecraft:egg":2,"minecraft:cooked_beef":3},"minecraft:killed":{"minecraft:pig":10,"minecraft:spider":1,"minecraft:sheep":7,"minecraft:zombie":1,"minecraft:chicken":2,"minecraft:cow":2},"minecraft:crafted":{"minecraft:cooked_beef":3,"minecraft:oak_planks":44,"minecraft:crafting_table":1,"minecraft:wooden_pickaxe":1,"minecraft:cooked_chicken":1,"minecraft:furnace":1,"minecraft:birch_planks":32,"minecraft:stone_axe":1,"minecraft:cooked_mutton":3,"minecraft:air":0,"minecraft:stick":48,"minecraft:stone_pickaxe":2,"minecraft:wooden_axe":2,"minecraft:torch":76},"minecraft:custom":{"minecraft:interact_with_furnace":8,"minecraft:mob_kills":22,"minecraft:interact_with_crafting_table":15,"minecraft:bell_ring":12,"minecraft:leave_game":5,"minecraft:time_since_death":3236,"minecraft:sleep_in_bed":3,"minecraft:time_since_rest":3345,"minecraft:sprint_one_cm":186606,"minecraft:damage_taken":2525,"minecraft:walk_one_cm":135435,"minecraft:drop":33,"minecraft:damage_dealt":2755,"minecraft:swim_one_cm":235,"minecraft:talked_to_villager":1,"minecraft:fly_one_cm":127284,"minecraft:open_chest":7,"minecraft:crouch_one_cm":303,"minecraft:play_time":56260,"minecraft:deaths":8,"minecraft:sneak_time":94,"minecraft:walk_under_water_one_cm":551,"minecraft:jump":1071,"minecraft:walk_on_water_one_cm":5366,"minecraft:total_world_time":56260,"minecraft:fall_one_cm":21161},"minecraft:dropped":{"minecraft:amethyst_block":1,"minecraft:torch":32},"minecraft:mined":{"minecraft:white_bed":2,"minecraft:amethyst_cluster":1,"minecraft:crafting_table":5,"minecraft:budding_amethyst":2,"minecraft:grass_block":5,"minecraft:calcite":1,"minecraft:copper_ore":1,"minecraft:cobblestone":4,"minecraft:wall_torch":7,"minecraft:amethyst_block":7,"minecraft:furnace":2,"minecraft:birch_log":6,"minecraft:iron_ore":3,"minecraft:andesite":8,"minecraft:grass":14,"minecraft:oak_log":11,"minecraft:coal_ore":42,"minecraft:deepslate_iron_ore":1,"minecraft:small_amethyst_bud":1,"minecraft:dirt":6,"minecraft:smooth_basalt":4,"minecraft:stone":89,"minecraft:oak_leaves":2},"minecraft:picked_up":{"minecraft:wooden_axe":1,"minecraft:birch_log":20,"minecraft:crafting_table":6,"minecraft:feather":6,"minecraft:cooked_beef":1,"minecraft:chicken":3,"minecraft:andesite":9,"minecraft:leather":2,"minecraft:wooden_pickaxe":3,"minecraft:birch_planks":11,"minecraft:oak_log":11,"minecraft:amethyst_block":3,"minecraft:dirt":16,"minecraft:raw_copper":2,"minecraft:stone_pickaxe":2,"minecraft:beef":10,"minecraft:calcite":6,"minecraft:light_gray_wool":1,"minecraft:oak_planks":49,"minecraft:iron_sword":3,"minecraft:egg":4,"minecraft:furnace":2,"minecraft:stick":11,"minecraft:raw_iron":12,"minecraft:smooth_basalt":4,"minecraft:oak_door":1,"minecraft:torch":83,"minecraft:porkchop":21,"minecraft:white_bed":5,"minecraft:spider_eye":1,"minecraft:rotten_flesh":3,"minecraft:stone_axe":3,"minecraft:mutton":8,"minecraft:coal":88,"minecraft:white_wool":6,"minecraft:cobblestone":111}},"DataVersion":3120}