{"stats":{"minecraft:dropped":{"minecraft:wheat_seeds":13,"minecraft:baked_potato":12,"minecraft:feather":1,"minecraft:cobblestone":25,"minecraft:apple":5,"minecraft:granite":1,"minecraft:coal":48,"minecraft:emerald":4,"minecraft:dirt":1,"minecraft:torch":40,"minecraft:wooden_axe":2,"minecraft:lily_pad":512,"minecraft:white_wool":2,"minecraft:bone":1,"minecraft:gravel":1,"minecraft:stone_sword":1,"minecraft:rotten_flesh":5,"minecraft:oak_planks":4,"minecraft:enchanted_golden_apple":2,"thestarvedstalker:cadasite":10,"minecraft:carrot":7,"minecraft:poppy":6,"minecraft:allium":2,"minecraft:andesite":8,"minecraft:beetroot_seeds":7,"minecraft:arrow":1,"minecraft:stone_pickaxe":1,"minecraft:wooden_pickaxe":2},"minecraft:mined":{"minecraft:white_bed":9,"minecraft:granite":1,"minecraft:grass_block":5,"minecraft:spawner":1,"minecraft:furnace":4,"minecraft:carrots":9,"minecraft:iron_ore":18,"minecraft:andesite":9,"minecraft:potatoes":1,"minecraft:deepslate_iron_ore":1,"minecraft:stone":120,"minecraft:glass_pane":1,"minecraft:powder_snow":5,"minecraft:crafting_table":20,"minecraft:torch":3,"minecraft:cobblestone":3,"minecraft:tall_grass":2,"minecraft:oak_planks":4,"minecraft:wall_torch":3,"minecraft:birch_log":20,"minecraft:wheat":14,"minecraft:yellow_bed":11,"minecraft:grass":23,"minecraft:oak_log":74,"minecraft:coal_ore":92,"minecraft:beetroots":2,"minecraft:cobweb":25,"minecraft:oak_leaves":8},"minecraft:used":{"minecraft:beetroot":2,"minecraft:stone_sword":42,"minecraft:shield":6,"minecraft:iron_sword":54,"minecraft:rotten_flesh":5,"minecraft:torch":65,"minecraft:carrot":19,"minecraft:allium":6,"minecraft:wooden_axe":53,"minecraft:beef":2,"minecraft:furnace":5,"minecraft:egg":2,"minecraft:cooked_beef":2,"minecraft:potato":10,"minecraft:iron_leggings":1,"minecraft:wheat_seeds":28,"minecraft:water_bucket":10,"minecraft:baked_potato":6,"minecraft:stone_pickaxe":113,"minecraft:oak_planks":16,"minecraft:ender_pearl":1,"minecraft:wooden_pickaxe":140,"minecraft:birch_boat":2,"minecraft:blue_bed":1,"minecraft:crafting_table":20,"minecraft:white_bed":5,"minecraft:apple":5,"minecraft:chicken":1,"minecraft:bread":25,"minecraft:stone_axe":139,"minecraft:cobblestone":20,"minecraft:porkchop":2,"minecraft:cooked_porkchop":3,"minecraft:bucket":11,"minecraft:yellow_bed":13},"minecraft:picked_up":{"minecraft:wooden_axe":3,"minecraft:crafting_table":22,"minecraft:iron_chestplate":3,"minecraft:wheat":13,"minecraft:allium":17,"minecraft:chicken":7,"minecraft:golden_pickaxe":1,"minecraft:wooden_pickaxe":5,"minecraft:shield":1,"minecraft:string":25,"minecraft:flint_and_steel":4,"minecraft:iron_leggings":3,"minecraft:beetroot":2,"minecraft:detector_rail":1,"minecraft:beef":7,"minecraft:oak_boat":3,"minecraft:iron_nugget":6,"minecraft:poppy":12,"minecraft:enchanted_golden_apple":1,"minecraft:furnace":7,"minecraft:iron_boots":1,"minecraft:egg":2,"minecraft:stick":52,"minecraft:raw_iron":19,"minecraft:oak_fence":2,"minecraft:torch":60,"minecraft:porkchop":4,"minecraft:carrot":21,"minecraft:stone_sword":3,"minecraft:arrow":3,"minecraft:rotten_flesh":31,"minecraft:beetroot_seeds":7,"minecraft:glow_berries":2,"minecraft:mutton":22,"minecraft:rail":8,"minecraft:white_wool":24,"minecraft:cobblestone":170,"minecraft:birch_log":20,"minecraft:feather":10,"minecraft:water_bucket":6,"minecraft:andesite":9,"minecraft:leather":16,"thestarvedstalker:starved_tooth":2,"minecraft:potato":7,"minecraft:oak_log":82,"minecraft:lily_pad":512,"minecraft:yellow_bed":16,"minecraft:gunpowder":2,"minecraft:dirt":27,"minecraft:blue_bed":1,"minecraft:cooked_mutton":6,"minecraft:bone":3,"minecraft:apple":17,"minecraft:wheat_seeds":59,"minecraft:iron_ingot":51,"minecraft:stone_pickaxe":8,"thestarvedstalker:hungering_soil":17,"minecraft:iron_sword":3,"minecraft:oak_planks":181,"minecraft:cooked_porkchop":3,"minecraft:birch_boat":5,"minecraft:gravel":1,"minecraft:white_bed":10,"minecraft:grass_block":1,"minecraft:pumpkin_seeds":4,"minecraft:stone_axe":7,"thestarvedstalker:cadasite":48,"minecraft:iron_helmet":1,"minecraft:granite":1,"minecraft:golden_apple":2,"minecraft:emerald":3,"minecraft:bread":83,"minecraft:baked_potato":10,"minecraft:melon_seeds":3,"minecraft:black_wool":3,"minecraft:coal":340,"minecraft:ender_pearl":1},"minecraft:custom":{"minecraft:mob_kills":33,"minecraft:interact_with_crafting_table":56,"minecraft:bell_ring":13,"minecraft:leave_game":18,"minecraft:time_since_death":10397,"minecraft:climb_one_cm":848,"minecraft:sprint_one_cm":624271,"minecraft:walk_one_cm":294597,"minecraft:damage_blocked_by_shield":310,"minecraft:drop":47,"minecraft:talked_to_villager":25,"minecraft:play_time":145523,"minecraft:deaths":16,"minecraft:sneak_time":6861,"minecraft:walk_under_water_one_cm":6230,"minecraft:boat_one_cm":6931,"minecraft:jump":3566,"minecraft:walk_on_water_one_cm":10646,"minecraft:total_world_time":145523,"minecraft:interact_with_furnace":34,"minecraft:traded_with_villager":4,"minecraft:sleep_in_bed":20,"minecraft:time_since_rest":535,"minecraft:damage_taken":7055,"minecraft:damage_dealt":9650,"minecraft:swim_one_cm":28986,"minecraft:fly_one_cm":807478,"minecraft:player_kills":12,"minecraft:open_chest":16,"minecraft:crouch_one_cm":10190,"minecraft:use_cauldron":1,"minecraft:fall_one_cm":101340},"minecraft:killed_by":{"minecraft:player":4,"minecraft:creeper":2,"minecraft:iron_golem":6,"minecraft:drowned":1,"minecraft:zombie":1},"minecraft:killed":{"minecraft:cave_spider":2,"thestarvedstalker:putrid_fangs":2,"minecraft:skeleton":1,"minecraft:chicken":4,"minecraft:pig":3,"minecraft:zombie_villager":1,"minecraft:iron_golem":1,"minecraft:creeper":2,"minecraft:sheep":1,"minecraft:zombie":9,"thestarvedstalker:hungrejaw":4,"minecraft:villager":1,"minecraft:cow":3},"minecraft:broken":{"minecraft:wooden_pickaxe":1,"minecraft:stone_axe":1,"minecraft:wooden_axe":1},"minecraft:crafted":{"minecraft:oak_planks":316,"minecraft:birch_boat":2,"minecraft:furnace":3,"minecraft:stone_pickaxe":4,"minecraft:cooked_beef":5,"minecraft:emerald":4,"minecraft:cooked_porkchop":2,"minecraft:crafting_table":5,"minecraft:baked_potato":12,"minecraft:wooden_pickaxe":3,"minecraft:bucket":1,"minecraft:birch_planks":80,"minecraft:stone_axe":4,"minecraft:bread":4,"minecraft:air":0,"minecraft:oak_boat":1,"minecraft:shield":2,"minecraft:stick":248,"minecraft:iron_ingot":7,"minecraft:wooden_axe":1,"minecraft:stone_sword":3,"minecraft:torch":244}},"DataVersion":3120}