{"stats":{"minecraft:picked_up":{"minecraft:wooden_axe":2,"minecraft:birch_log":9,"minecraft:crafting_table":4,"minecraft:iron_chestplate":1,"minecraft:allium":6,"minecraft:feather":7,"minecraft:chicken":6,"minecraft:water_bucket":3,"minecraft:golden_pickaxe":1,"minecraft:leather":1,"thestarvedstalker:starved_tooth":1,"minecraft:wooden_pickaxe":3,"minecraft:potato":3,"minecraft:oak_log":5,"minecraft:yellow_bed":6,"minecraft:string":4,"minecraft:dirt":2,"minecraft:blue_bed":1,"minecraft:flint_and_steel":1,"minecraft:iron_leggings":1,"minecraft:cooked_mutton":3,"minecraft:bone":3,"minecraft:apple":17,"minecraft:wheat_seeds":13,"minecraft:iron_ingot":23,"minecraft:stone_pickaxe":2,"minecraft:oak_boat":1,"minecraft:iron_nugget":6,"thestarvedstalker:hungering_soil":17,"minecraft:iron_sword":1,"minecraft:oak_planks":7,"minecraft:furnace":2,"minecraft:egg":1,"minecraft:stick":7,"minecraft:cooked_porkchop":1,"minecraft:birch_boat":2,"minecraft:torch":3,"minecraft:porkchop":2,"minecraft:white_bed":2,"minecraft:arrow":3,"minecraft:rotten_flesh":14,"minecraft:stone_axe":4,"thestarvedstalker:cadasite":29,"minecraft:emerald":3,"minecraft:bread":82,"minecraft:black_wool":1,"minecraft:mutton":22,"minecraft:coal":32,"minecraft:white_wool":14,"minecraft:cobblestone":43},"minecraft:crafted":{"minecraft:oak_planks":20,"minecraft:crafting_table":2,"minecraft:birch_boat":1,"minecraft:wooden_pickaxe":1,"minecraft:birch_planks":36,"minecraft:stone_axe":2,"minecraft:stick":16,"minecraft:stone_pickaxe":2,"minecraft:stone_sword":2},"minecraft:broken":{"minecraft:stone_axe":1},"minecraft:killed_by":{"minecraft:player":2},"minecraft:custom":{"minecraft:mob_kills":17,"minecraft:interact_with_crafting_table":10,"minecraft:bell_ring":9,"minecraft:leave_game":6,"minecraft:time_since_death":11951,"minecraft:sleep_in_bed":8,"minecraft:climb_one_cm":848,"minecraft:time_since_rest":11985,"minecraft:sprint_one_cm":246888,"minecraft:damage_taken":2121,"minecraft:walk_one_cm":112568,"minecraft:drop":19,"minecraft:damage_dealt":4192,"minecraft:talked_to_villager":5,"minecraft:fly_one_cm":344860,"minecraft:player_kills":6,"minecraft:open_chest":5,"minecraft:crouch_one_cm":378,"minecraft:play_time":48781,"minecraft:deaths":3,"minecraft:sneak_time":186,"minecraft:jump":1432,"minecraft:walk_on_water_one_cm":85,"minecraft:total_world_time":48781,"minecraft:fall_one_cm":39334},"minecraft:killed":{"minecraft:pig":1,"thestarvedstalker:putrid_fangs":2,"minecraft:zombie_villager":1,"minecraft:sheep":1,"minecraft:zombie":4,"thestarvedstalker:hungrejaw":4,"minecraft:chicken":3,"minecraft:villager":1},"minecraft:dropped":{"minecraft:wheat_seeds":13,"minecraft:feather":1,"minecraft:cobblestone":8,"minecraft:rotten_flesh":5,"minecraft:oak_planks":4,"minecraft:apple":5,"thestarvedstalker:cadasite":10,"minecraft:dirt":1,"minecraft:wooden_axe":1,"minecraft:arrow":1,"minecraft:wooden_pickaxe":1,"minecraft:white_wool":2,"minecraft:bone":1},"minecraft:used":{"minecraft:water_bucket":1,"minecraft:stone_sword":8,"minecraft:wooden_pickaxe":44,"minecraft:birch_boat":1,"minecraft:blue_bed":1,"minecraft:crafting_table":4,"minecraft:allium":1,"minecraft:apple":5,"minecraft:bread":21,"minecraft:stone_axe":63,"minecraft:porkchop":2,"minecraft:bucket":1,"minecraft:egg":1,"minecraft:yellow_bed":5,"minecraft:potato":5},"minecraft:mined":{"minecraft:white_bed":3,"minecraft:crafting_table":4,"minecraft:grass_block":1,"minecraft:oak_planks":3,"minecraft:birch_log":9,"minecraft:yellow_bed":1,"minecraft:grass":9,"minecraft:oak_log":3,"minecraft:coal_ore":4,"minecraft:stone":39}},"DataVersion":3120}