{"stats":{"minecraft:picked_up":{"minecraft:wooden_axe":2,"minecraft:birch_log":9,"minecraft:crafting_table":4,"minecraft:iron_chestplate":1,"minecraft:allium":10,"minecraft:feather":8,"minecraft:chicken":6,"minecraft:water_bucket":4,"minecraft:golden_pickaxe":1,"minecraft:leather":1,"thestarvedstalker:starved_tooth":1,"minecraft:wooden_pickaxe":4,"minecraft:potato":3,"minecraft:oak_log":5,"minecraft:yellow_bed":6,"minecraft:string":4,"minecraft:dirt":2,"minecraft:blue_bed":1,"minecraft:flint_and_steel":1,"minecraft:iron_leggings":1,"minecraft:cooked_mutton":6,"minecraft:bone":3,"minecraft:apple":17,"minecraft:wheat_seeds":20,"minecraft:iron_ingot":23,"minecraft:stone_pickaxe":3,"minecraft:oak_boat":1,"minecraft:iron_nugget":6,"minecraft:poppy":6,"thestarvedstalker:hungering_soil":17,"minecraft:iron_sword":1,"minecraft:oak_planks":7,"minecraft:furnace":2,"minecraft:egg":1,"minecraft:stick":8,"minecraft:cooked_porkchop":2,"minecraft:birch_boat":4,"minecraft:torch":3,"minecraft:porkchop":2,"minecraft:white_bed":2,"minecraft:grass_block":1,"minecraft:stone_sword":1,"minecraft:arrow":3,"minecraft:rotten_flesh":19,"minecraft:stone_axe":5,"thestarvedstalker:cadasite":29,"minecraft:emerald":3,"minecraft:bread":82,"minecraft:black_wool":2,"minecraft:mutton":22,"minecraft:coal":39,"minecraft:white_wool":14,"minecraft:cobblestone":43,"minecraft:ender_pearl":1},"minecraft:crafted":{"minecraft:oak_planks":20,"minecraft:crafting_table":2,"minecraft:birch_boat":1,"minecraft:wooden_pickaxe":1,"minecraft:birch_planks":36,"minecraft:stone_axe":2,"minecraft:stick":16,"minecraft:stone_pickaxe":2,"minecraft:stone_sword":2},"minecraft:broken":{"minecraft:stone_axe":1},"minecraft:killed_by":{"minecraft:player":2,"minecraft:zombie":1},"minecraft:custom":{"minecraft:mob_kills":17,"minecraft:interact_with_crafting_table":10,"minecraft:bell_ring":9,"minecraft:leave_game":7,"minecraft:time_since_death":924,"minecraft:sleep_in_bed":8,"minecraft:climb_one_cm":848,"minecraft:time_since_rest":1141,"minecraft:sprint_one_cm":265307,"minecraft:damage_taken":2421,"minecraft:walk_one_cm":123062,"minecraft:drop":21,"minecraft:damage_dealt":4316,"minecraft:talked_to_villager":5,"minecraft:fly_one_cm":357882,"minecraft:player_kills":6,"minecraft:open_chest":8,"minecraft:crouch_one_cm":1475,"minecraft:play_time":54405,"minecraft:deaths":4,"minecraft:sneak_time":1043,"minecraft:jump":1517,"minecraft:walk_on_water_one_cm":85,"minecraft:total_world_time":54405,"minecraft:fall_one_cm":39752},"minecraft:killed":{"minecraft:pig":1,"thestarvedstalker:putrid_fangs":2,"minecraft:zombie_villager":1,"minecraft:sheep":1,"minecraft:zombie":4,"thestarvedstalker:hungrejaw":4,"minecraft:chicken":3,"minecraft:villager":1},"minecraft:dropped":{"minecraft:wheat_seeds":13,"minecraft:feather":1,"minecraft:cobblestone":8,"minecraft:rotten_flesh":5,"minecraft:oak_planks":4,"minecraft:apple":5,"thestarvedstalker:cadasite":10,"minecraft:poppy":2,"minecraft:dirt":1,"minecraft:allium":2,"minecraft:wooden_axe":1,"minecraft:arrow":1,"minecraft:wooden_pickaxe":1,"minecraft:white_wool":2,"minecraft:bone":1},"minecraft:used":{"minecraft:water_bucket":1,"minecraft:stone_sword":9,"minecraft:ender_pearl":1,"minecraft:wooden_pickaxe":44,"minecraft:birch_boat":1,"minecraft:blue_bed":1,"minecraft:crafting_table":4,"minecraft:allium":1,"minecraft:white_bed":1,"minecraft:apple":5,"minecraft:bread":22,"minecraft:stone_axe":64,"minecraft:porkchop":2,"minecraft:bucket":1,"minecraft:egg":1,"minecraft:yellow_bed":5,"minecraft:potato":5},"minecraft:mined":{"minecraft:white_bed":3,"minecraft:crafting_table":4,"minecraft:grass_block":1,"minecraft:oak_planks":3,"minecraft:birch_log":9,"minecraft:yellow_bed":1,"minecraft:grass":9,"minecraft:oak_log":3,"minecraft:coal_ore":4,"minecraft:stone":39}},"DataVersion":3120}