{"stats":{"minecraft:picked_up":{"minecraft:wooden_axe":3,"minecraft:crafting_table":9,"minecraft:iron_chestplate":6,"minecraft:allium":9,"minecraft:golden_pickaxe":10,"minecraft:potion":3,"minecraft:cornflower":1,"minecraft:string":1,"minecraft:flint_and_steel":11,"minecraft:iron_leggings":3,"minecraft:beef":6,"minecraft:oak_boat":8,"minecraft:redstone_torch":1,"minecraft:iron_nugget":27,"minecraft:poppy":5,"minecraft:sugar_cane":25,"minecraft:chest":1,"minecraft:birch_sapling":1,"minecraft:iron_boots":3,"minecraft:furnace":10,"minecraft:stick":36,"minecraft:raw_iron":4,"minecraft:torch":50,"minecraft:fire_charge":1,"minecraft:porkchop":9,"minecraft:arrow":20,"minecraft:stone_sword":6,"man:redcandle":2,"minecraft:rotten_flesh":22,"minecraft:beetroot_seeds":7,"minecraft:hay_block":15,"minecraft:mutton":18,"minecraft:cobblestone":79,"minecraft:white_wool":52,"minecraft:feather":9,"minecraft:water_bucket":8,"minecraft:salmon":3,"minecraft:leather":41,"thestarvedstalker:starved_tooth":2,"minecraft:flint":2,"minecraft:oak_log":27,"minecraft:yellow_bed":4,"minecraft:gunpowder":2,"minecraft:blue_bed":3,"minecraft:dirt":27,"minecraft:cooked_mutton":16,"minecraft:bone":15,"minecraft:apple":81,"minecraft:bow":1,"minecraft:wheat_seeds":29,"minecraft:stone_pickaxe":8,"minecraft:iron_ingot":163,"thestarvedstalker:hungering_soil":34,"minecraft:oak_planks":424,"minecraft:iron_sword":8,"minecraft:book":96,"minecraft:birch_boat":3,"minecraft:cooked_porkchop":4,"minecraft:blast_furnace":1,"minecraft:white_bed":4,"minecraft:grass_block":1,"man:tearoftheman":2,"minecraft:stone_axe":10,"thestarvedstalker:cadasite":101,"minecraft:gray_wool":1,"minecraft:golden_apple":2,"minecraft:emerald":18,"minecraft:bread":176,"minecraft:oak_sapling":1,"minecraft:black_wool":3,"minecraft:coal":211},"minecraft:crafted":{"minecraft:oak_planks":108,"minecraft:furnace":1,"minecraft:iron_boots":2,"minecraft:stone_pickaxe":1,"minecraft:wheat":135,"minecraft:cooked_beef":4,"minecraft:crafting_table":3,"minecraft:iron_helmet":2,"minecraft:wooden_pickaxe":1,"minecraft:blue_bed":1,"minecraft:bread":45,"minecraft:air":0,"minecraft:blue_dye":1,"minecraft:oak_boat":1,"minecraft:iron_chestplate":1,"minecraft:shield":1,"minecraft:stick":32,"minecraft:iron_ingot":5,"minecraft:wooden_axe":2,"minecraft:stone_sword":1,"minecraft:iron_leggings":2,"minecraft:white_bed":1,"minecraft:torch":32},"minecraft:broken":{"minecraft:wooden_pickaxe":1,"minecraft:wooden_axe":1},"minecraft:killed_by":{"thestarvedstalker:the_starved_stalker_aggro":1,"minecraft:zombie_villager":1,"minecraft:player":3,"thestarvedstalker:hungrejaw":1,"minecraft:iron_golem":2,"minecraft:zombie":2},"minecraft:custom":{"minecraft:mob_kills":29,"minecraft:interact_with_crafting_table":28,"minecraft:open_barrel":1,"minecraft:leave_game":7,"minecraft:time_since_death":11904,"minecraft:climb_one_cm":1662,"minecraft:sprint_one_cm":254362,"minecraft:walk_one_cm":191477,"minecraft:drop":92,"minecraft:play_noteblock":1,"minecraft:talked_to_villager":7,"minecraft:play_time":97873,"minecraft:deaths":10,"minecraft:sneak_time":4159,"minecraft:walk_under_water_one_cm":849,"minecraft:boat_one_cm":124916,"minecraft:jump":3164,"minecraft:walk_on_water_one_cm":2895,"minecraft:total_world_time":97873,"minecraft:interact_with_furnace":6,"minecraft:tune_noteblock":18,"minecraft:interact_with_stonecutter":1,"minecraft:sleep_in_bed":10,"minecraft:time_since_rest":2543,"minecraft:damage_taken":5359,"minecraft:damage_absorbed":40,"minecraft:damage_dealt":5975,"minecraft:swim_one_cm":5249,"minecraft:fly_one_cm":699508,"minecraft:player_kills":5,"minecraft:open_chest":22,"minecraft:crouch_one_cm":12081,"minecraft:fall_one_cm":118868},"minecraft:killed":{"thestarvedstalker:putrid_fangs":2,"minecraft:skeleton":2,"minecraft:pig":5,"minecraft:sheep":4,"minecraft:zombie":11,"thestarvedstalker:hungrejaw":3,"minecraft:cow":1},"minecraft:dropped":{"minecraft:water_bucket":1,"minecraft:bread":26,"minecraft:iron_sword":2,"minecraft:wheat_seeds":12,"minecraft:glass_bottle":1,"minecraft:crafting_table":1,"thestarvedstalker:hungering_soil":17,"minecraft:cooked_porkchop":1,"minecraft:iron_helmet":1,"minecraft:feather":2,"minecraft:coal":7,"minecraft:mutton":8,"minecraft:wooden_axe":2,"minecraft:iron_leggings":1,"thestarvedstalker:starved_tooth":1,"minecraft:stone_axe":1,"minecraft:stone_sword":2,"minecraft:rotten_flesh":22,"minecraft:oak_planks":21,"minecraft:iron_boots":1,"minecraft:cooked_mutton":3,"thestarvedstalker:cadasite":19,"minecraft:poppy":4,"minecraft:allium":7,"minecraft:iron_chestplate":3,"minecraft:oak_sapling":1,"minecraft:birch_boat":1,"minecraft:stone_pickaxe":1,"minecraft:black_wool":1},"minecraft:used":{"minecraft:stone_sword":4,"minecraft:flint_and_steel":12,"minecraft:poppy":1,"minecraft:chest":1,"minecraft:iron_sword":45,"minecraft:iron_chestplate":1,"minecraft:torch":55,"minecraft:dirt":23,"minecraft:allium":2,"minecraft:wooden_axe":50,"minecraft:grass_block":1,"minecraft:iron_helmet":1,"minecraft:iron_boots":2,"minecraft:bow":1,"minecraft:beef":2,"minecraft:furnace":1,"minecraft:beetroot_seeds":7,"minecraft:cooked_beef":4,"minecraft:iron_leggings":2,"minecraft:cooked_mutton":4,"minecraft:water_bucket":3,"minecraft:stone_pickaxe":5,"minecraft:oak_planks":13,"minecraft:wooden_pickaxe":55,"minecraft:blue_bed":2,"man:redcandle":2,"minecraft:golden_apple":1,"minecraft:crafting_table":10,"minecraft:blast_furnace":1,"minecraft:white_bed":4,"minecraft:redstone_torch":1,"minecraft:bread":50,"minecraft:stone_axe":14,"minecraft:cobblestone":10,"minecraft:potion":1,"minecraft:cooked_porkchop":1,"minecraft:porkchop":1,"minecraft:bucket":3,"minecraft:yellow_bed":4,"minecraft:oak_boat":3,"minecraft:gray_wool":1,"minecraft:golden_pickaxe":18},"minecraft:mined":{"minecraft:white_bed":4,"minecraft:grass_block":4,"minecraft:hay_block":14,"minecraft:furnace":1,"minecraft:iron_ore":3,"minecraft:fire":12,"minecraft:sculk_shrieker":1,"minecraft:stone":23,"thestarvedstalker:hungering_soil":1,"minecraft:powder_snow":7,"minecraft:torch":17,"minecraft:crafting_table":5,"minecraft:cornflower":1,"minecraft:blast_furnace":1,"minecraft:chest":1,"man:redcandle":2,"minecraft:tall_grass":35,"minecraft:sugar_cane":9,"minecraft:wall_torch":16,"minecraft:blue_bed":2,"minecraft:yellow_bed":2,"minecraft:grass":49,"minecraft:oak_log":27,"minecraft:coal_ore":38,"minecraft:dirt":1,"minecraft:netherrack":3,"minecraft:oak_leaves":20}},"DataVersion":3120}