{"stats":{"minecraft:picked_up":{"minecraft:wooden_axe":3,"minecraft:crafting_table":11,"minecraft:iron_chestplate":8,"minecraft:wheat":1,"minecraft:allium":11,"minecraft:golden_pickaxe":10,"minecraft:potion":3,"minecraft:shield":2,"minecraft:cornflower":1,"minecraft:string":1,"minecraft:flint_and_steel":14,"minecraft:iron_leggings":5,"minecraft:beef":6,"minecraft:oak_boat":9,"minecraft:redstone_torch":1,"minecraft:iron_nugget":27,"minecraft:poppy":5,"minecraft:iron_pickaxe":1,"minecraft:sugar_cane":25,"minecraft:chest":1,"minecraft:birch_sapling":1,"minecraft:iron_boots":4,"minecraft:furnace":10,"minecraft:stick":55,"minecraft:raw_iron":48,"minecraft:torch":118,"minecraft:fire_charge":1,"minecraft:porkchop":9,"minecraft:carrot":7,"minecraft:stone_sword":6,"minecraft:arrow":28,"man:redcandle":2,"minecraft:rotten_flesh":36,"minecraft:beetroot_seeds":7,"minecraft:hay_block":15,"minecraft:mutton":18,"minecraft:white_wool":59,"minecraft:cobblestone":135,"minecraft:feather":9,"minecraft:andesite":8,"minecraft:water_bucket":10,"minecraft:salmon":3,"minecraft:leather":54,"thestarvedstalker:starved_tooth":2,"minecraft:flint":2,"minecraft:oak_log":27,"minecraft:yellow_bed":5,"minecraft:gunpowder":8,"minecraft:dirt":27,"minecraft:blue_bed":3,"minecraft:cooked_mutton":16,"minecraft:bone":15,"minecraft:apple":92,"minecraft:bow":2,"minecraft:wheat_seeds":54,"minecraft:stone_pickaxe":10,"minecraft:iron_ingot":214,"thestarvedstalker:hungering_soil":35,"minecraft:iron_sword":10,"minecraft:oak_planks":431,"minecraft:book":96,"minecraft:cooked_porkchop":4,"minecraft:birch_boat":4,"minecraft:gravel":1,"minecraft:blast_furnace":1,"minecraft:white_bed":5,"minecraft:grass_block":1,"man:tearoftheman":4,"minecraft:stone_axe":13,"thestarvedstalker:cadasite":101,"minecraft:iron_helmet":2,"minecraft:granite":2,"minecraft:golden_apple":2,"minecraft:gray_wool":1,"minecraft:emerald":18,"minecraft:bread":184,"minecraft:oak_sapling":1,"minecraft:black_wool":5,"minecraft:coal":286},"minecraft:crafted":{"minecraft:oak_planks":108,"minecraft:furnace":1,"minecraft:iron_boots":2,"minecraft:stone_pickaxe":1,"minecraft:chest":1,"minecraft:wheat":135,"minecraft:cooked_beef":4,"minecraft:crafting_table":4,"minecraft:iron_helmet":2,"minecraft:wooden_pickaxe":1,"minecraft:blue_bed":1,"minecraft:bread":45,"minecraft:air":0,"minecraft:blue_dye":1,"minecraft:oak_boat":1,"minecraft:iron_chestplate":1,"minecraft:shield":1,"minecraft:stick":48,"minecraft:iron_ingot":17,"minecraft:iron_pickaxe":1,"minecraft:wooden_axe":2,"minecraft:stone_sword":1,"minecraft:iron_leggings":2,"minecraft:white_bed":1,"minecraft:torch":40},"minecraft:broken":{"minecraft:wooden_pickaxe":1,"minecraft:golden_pickaxe":1,"minecraft:wooden_axe":1},"minecraft:killed_by":{"thestarvedstalker:the_starved_stalker_aggro":1,"minecraft:zombie_villager":1,"minecraft:player":3,"thestarvedstalker:hungrejaw":1,"minecraft:iron_golem":2,"minecraft:zombie":2,"cave_dweller:cave_dweller":1},"minecraft:custom":{"minecraft:mob_kills":33,"minecraft:interact_with_crafting_table":30,"minecraft:open_barrel":1,"minecraft:leave_game":10,"minecraft:time_since_death":6069,"minecraft:climb_one_cm":1662,"minecraft:sprint_one_cm":306967,"minecraft:walk_one_cm":242827,"minecraft:drop":101,"minecraft:play_noteblock":1,"minecraft:talked_to_villager":7,"minecraft:play_time":120300,"minecraft:deaths":11,"minecraft:sneak_time":5723,"minecraft:walk_under_water_one_cm":849,"minecraft:boat_one_cm":124916,"minecraft:jump":3839,"minecraft:walk_on_water_one_cm":3653,"minecraft:total_world_time":120300,"minecraft:interact_with_furnace":27,"minecraft:tune_noteblock":18,"minecraft:interact_with_stonecutter":1,"minecraft:sleep_in_bed":11,"minecraft:time_since_rest":6098,"minecraft:damage_taken":5720,"minecraft:damage_absorbed":40,"minecraft:damage_dealt":7515,"minecraft:swim_one_cm":5249,"minecraft:player_kills":5,"minecraft:fly_one_cm":827117,"minecraft:open_chest":28,"minecraft:crouch_one_cm":16428,"minecraft:fall_one_cm":143026},"minecraft:killed":{"thestarvedstalker:putrid_fangs":2,"minecraft:skeleton":3,"minecraft:pig":5,"minecraft:sheep":4,"minecraft:zombie":14,"thestarvedstalker:hungrejaw":3,"minecraft:cow":1},"minecraft:dropped":{"minecraft:water_bucket":1,"minecraft:iron_ingot":6,"minecraft:bread":26,"minecraft:iron_sword":2,"minecraft:wheat_seeds":12,"minecraft:glass_bottle":1,"minecraft:crafting_table":1,"thestarvedstalker:hungering_soil":17,"minecraft:cooked_porkchop":1,"minecraft:iron_helmet":1,"minecraft:feather":2,"minecraft:coal":7,"minecraft:mutton":8,"minecraft:wooden_axe":2,"minecraft:iron_leggings":1,"thestarvedstalker:starved_tooth":1,"minecraft:stone_axe":2,"minecraft:stone_sword":2,"minecraft:rotten_flesh":36,"minecraft:oak_planks":21,"minecraft:iron_boots":1,"minecraft:cooked_mutton":3,"thestarvedstalker:cadasite":19,"minecraft:poppy":4,"minecraft:allium":7,"minecraft:iron_chestplate":3,"minecraft:oak_sapling":1,"minecraft:birch_boat":1,"minecraft:stone_pickaxe":1,"minecraft:black_wool":1},"minecraft:used":{"minecraft:stone_sword":4,"minecraft:flint_and_steel":12,"minecraft:poppy":1,"minecraft:chest":2,"minecraft:iron_sword":71,"minecraft:iron_chestplate":1,"minecraft:torch":124,"minecraft:dirt":23,"minecraft:carrot":1,"minecraft:allium":2,"minecraft:granite":2,"minecraft:wooden_axe":50,"minecraft:grass_block":1,"minecraft:iron_helmet":1,"minecraft:iron_boots":2,"minecraft:bow":6,"minecraft:beef":2,"minecraft:furnace":3,"minecraft:beetroot_seeds":7,"thestarvedstalker:hungering_soil":1,"minecraft:cooked_beef":4,"minecraft:iron_leggings":2,"minecraft:cooked_mutton":4,"minecraft:water_bucket":10,"minecraft:stone_pickaxe":5,"minecraft:oak_planks":13,"minecraft:wooden_pickaxe":55,"minecraft:blue_bed":2,"man:redcandle":2,"minecraft:golden_apple":1,"minecraft:crafting_table":11,"minecraft:blast_furnace":1,"minecraft:white_bed":5,"minecraft:redstone_torch":1,"minecraft:apple":5,"minecraft:bread":54,"minecraft:iron_pickaxe":58,"minecraft:gravel":1,"minecraft:stone_axe":15,"minecraft:cobblestone":19,"minecraft:potion":1,"minecraft:porkchop":1,"minecraft:cooked_porkchop":1,"minecraft:andesite":8,"minecraft:bucket":10,"minecraft:yellow_bed":5,"minecraft:oak_boat":3,"minecraft:golden_pickaxe":32,"minecraft:gray_wool":1},"minecraft:mined":{"minecraft:white_bed":5,"minecraft:granite":1,"minecraft:grass_block":4,"minecraft:hay_block":14,"minecraft:furnace":1,"minecraft:iron_ore":36,"minecraft:fire":12,"minecraft:sculk_shrieker":1,"minecraft:stone":40,"thestarvedstalker:hungering_soil":2,"minecraft:powder_snow":7,"minecraft:crafting_table":6,"minecraft:cornflower":1,"minecraft:torch":19,"minecraft:blast_furnace":1,"minecraft:chest":1,"man:redcandle":2,"minecraft:tall_grass":35,"minecraft:cobblestone":5,"minecraft:sugar_cane":9,"minecraft:blue_bed":2,"minecraft:wall_torch":19,"minecraft:yellow_bed":3,"minecraft:grass":49,"minecraft:oak_log":27,"minecraft:coal_ore":53,"minecraft:dirt":1,"minecraft:netherrack":3,"minecraft:oak_leaves":20}},"DataVersion":3120}