{"stats":{"minecraft:mined":{"minecraft:white_bed":5,"minecraft:granite":1,"minecraft:grass_block":4,"minecraft:hay_block":14,"minecraft:furnace":1,"minecraft:iron_ore":49,"minecraft:fire":12,"minecraft:andesite":1,"minecraft:sculk_shrieker":1,"minecraft:stone":52,"thestarvedstalker:hungering_soil":2,"minecraft:powder_snow":8,"minecraft:crafting_table":6,"minecraft:cornflower":1,"minecraft:torch":20,"minecraft:blast_furnace":1,"minecraft:chest":1,"man:redcandle":2,"minecraft:tall_grass":53,"minecraft:cobblestone":11,"minecraft:sugar_cane":9,"minecraft:blue_bed":2,"minecraft:wall_torch":19,"minecraft:yellow_bed":5,"minecraft:grass":60,"minecraft:oak_log":44,"minecraft:coal_ore":89,"minecraft:dirt":1,"minecraft:netherrack":3,"minecraft:oak_leaves":33},"minecraft:dropped":{"minecraft:water_bucket":1,"minecraft:iron_ingot":6,"minecraft:bread":26,"minecraft:iron_sword":2,"minecraft:wheat_seeds":15,"minecraft:glass_bottle":1,"minecraft:crafting_table":1,"thestarvedstalker:hungering_soil":17,"minecraft:cooked_porkchop":1,"minecraft:iron_helmet":2,"minecraft:feather":2,"minecraft:coal":7,"minecraft:torch":10,"minecraft:mutton":8,"minecraft:wooden_axe":2,"minecraft:iron_leggings":2,"thestarvedstalker:starved_tooth":1,"minecraft:stone_axe":2,"minecraft:stone_sword":2,"minecraft:rotten_flesh":36,"minecraft:oak_planks":21,"minecraft:iron_boots":1,"minecraft:cooked_mutton":3,"thestarvedstalker:cadasite":19,"minecraft:poppy":4,"minecraft:allium":7,"minecraft:iron_chestplate":4,"minecraft:andesite":2,"minecraft:oak_sapling":1,"minecraft:birch_boat":1,"minecraft:stone_pickaxe":1,"minecraft:black_wool":1},"minecraft:used":{"minecraft:stone_sword":4,"minecraft:flint_and_steel":13,"minecraft:poppy":1,"minecraft:chest":3,"minecraft:shield":11,"minecraft:iron_sword":97,"minecraft:iron_chestplate":2,"minecraft:torch":175,"minecraft:dirt":23,"minecraft:mutton":1,"minecraft:carrot":1,"minecraft:allium":2,"minecraft:granite":2,"minecraft:wooden_axe":50,"minecraft:grass_block":1,"minecraft:iron_helmet":2,"minecraft:iron_boots":2,"minecraft:bow":6,"minecraft:beef":2,"minecraft:oak_sapling":2,"minecraft:furnace":3,"minecraft:beetroot_seeds":7,"thestarvedstalker:hungering_soil":1,"minecraft:cooked_beef":4,"minecraft:iron_leggings":3,"minecraft:cooked_mutton":4,"minecraft:water_bucket":34,"minecraft:stone_pickaxe":5,"minecraft:baked_potato":6,"minecraft:oak_planks":13,"minecraft:wooden_pickaxe":55,"minecraft:blue_bed":2,"man:redcandle":2,"minecraft:golden_apple":1,"minecraft:crafting_table":11,"minecraft:blast_furnace":1,"minecraft:white_bed":5,"minecraft:redstone_torch":1,"minecraft:apple":16,"minecraft:bread":56,"minecraft:iron_pickaxe":126,"minecraft:gravel":1,"minecraft:stone_axe":36,"minecraft:cobblestone":42,"minecraft:potion":1,"minecraft:porkchop":2,"minecraft:cooked_porkchop":1,"minecraft:andesite":8,"minecraft:bucket":34,"minecraft:yellow_bed":6,"minecraft:oak_boat":4,"minecraft:golden_pickaxe":32,"minecraft:gray_wool":1},"minecraft:picked_up":{"minecraft:wooden_axe":3,"minecraft:crafting_table":11,"minecraft:iron_chestplate":10,"minecraft:wheat":1,"minecraft:allium":11,"minecraft:golden_pickaxe":10,"minecraft:potion":3,"minecraft:shield":4,"minecraft:cornflower":1,"minecraft:string":1,"minecraft:flint_and_steel":16,"minecraft:iron_leggings":7,"minecraft:beef":6,"minecraft:oak_boat":10,"minecraft:redstone_torch":1,"minecraft:iron_nugget":27,"minecraft:poppy":5,"minecraft:iron_pickaxe":3,"minecraft:sugar_cane":25,"minecraft:chest":1,"minecraft:birch_sapling":1,"minecraft:iron_boots":6,"minecraft:furnace":10,"minecraft:stick":79,"minecraft:raw_iron":90,"minecraft:torch":123,"minecraft:fire_charge":1,"minecraft:porkchop":10,"minecraft:carrot":7,"minecraft:stone_sword":6,"minecraft:arrow":36,"man:redcandle":2,"minecraft:rotten_flesh":36,"minecraft:beetroot_seeds":7,"minecraft:hay_block":15,"minecraft:mutton":19,"minecraft:white_wool":68,"minecraft:cobblestone":202,"minecraft:feather":9,"minecraft:andesite":10,"minecraft:water_bucket":12,"minecraft:salmon":3,"minecraft:leather":54,"thestarvedstalker:starved_tooth":2,"minecraft:flint":2,"minecraft:oak_log":44,"minecraft:yellow_bed":6,"minecraft:gunpowder":16,"minecraft:dirt":27,"minecraft:blue_bed":3,"minecraft:cooked_mutton":16,"minecraft:bone":15,"minecraft:apple":103,"minecraft:bow":4,"minecraft:wheat_seeds":57,"minecraft:stone_pickaxe":10,"minecraft:iron_ingot":296,"thestarvedstalker:hungering_soil":35,"minecraft:iron_sword":12,"minecraft:oak_planks":484,"minecraft:book":96,"minecraft:cooked_porkchop":4,"minecraft:birch_boat":4,"minecraft:gravel":1,"minecraft:blast_furnace":1,"minecraft:white_bed":5,"minecraft:grass_block":1,"man:tearoftheman":5,"minecraft:stone_axe":14,"thestarvedstalker:cadasite":101,"minecraft:iron_helmet":4,"minecraft:granite":2,"minecraft:golden_apple":2,"minecraft:gray_wool":1,"minecraft:emerald":18,"minecraft:bread":185,"minecraft:baked_potato":12,"minecraft:oak_sapling":3,"minecraft:black_wool":6,"minecraft:coal":380},"minecraft:custom":{"minecraft:mob_kills":37,"minecraft:interact_with_crafting_table":38,"minecraft:open_barrel":1,"minecraft:leave_game":14,"minecraft:time_since_death":4218,"minecraft:climb_one_cm":1662,"minecraft:sprint_one_cm":370499,"minecraft:walk_one_cm":309207,"minecraft:damage_blocked_by_shield":885,"minecraft:drop":110,"minecraft:play_noteblock":1,"minecraft:talked_to_villager":7,"minecraft:play_time":152176,"minecraft:deaths":13,"minecraft:sneak_time":7924,"minecraft:walk_under_water_one_cm":10799,"minecraft:boat_one_cm":124916,"minecraft:jump":4858,"minecraft:walk_on_water_one_cm":14740,"minecraft:total_world_time":152176,"minecraft:interact_with_furnace":42,"minecraft:tune_noteblock":18,"minecraft:interact_with_stonecutter":1,"minecraft:sleep_in_bed":17,"minecraft:time_since_rest":69,"minecraft:damage_taken":6864,"minecraft:damage_absorbed":40,"minecraft:damage_dealt":9078,"minecraft:swim_one_cm":15542,"minecraft:player_kills":6,"minecraft:fly_one_cm":1001170,"minecraft:open_chest":44,"minecraft:crouch_one_cm":23334,"minecraft:fall_one_cm":180376},"minecraft:killed_by":{"thestarvedstalker:the_starved_stalker_aggro":1,"minecraft:zombie_villager":1,"minecraft:player":3,"thestarvedstalker:hungrejaw":1,"minecraft:iron_golem":2,"sanitydim:sneaking_terror":1,"minecraft:zombie":2,"cave_dweller:cave_dweller":2},"minecraft:killed":{"thestarvedstalker:putrid_fangs":2,"minecraft:skeleton":5,"minecraft:pig":6,"minecraft:sheep":5,"minecraft:zombie":14,"thestarvedstalker:hungrejaw":3,"minecraft:cow":1},"minecraft:broken":{"minecraft:wooden_pickaxe":1,"minecraft:golden_pickaxe":1,"minecraft:wooden_axe":1},"minecraft:crafted":{"minecraft:oak_planks":152,"minecraft:furnace":1,"minecraft:iron_boots":2,"minecraft:stone_pickaxe":1,"minecraft:chest":2,"minecraft:wheat":135,"minecraft:cooked_beef":4,"minecraft:crafting_table":4,"minecraft:iron_helmet":2,"minecraft:wooden_pickaxe":1,"minecraft:blue_bed":1,"minecraft:bread":45,"minecraft:air":0,"minecraft:blue_dye":1,"minecraft:oak_boat":2,"minecraft:iron_chestplate":1,"minecraft:shield":1,"minecraft:stick":48,"minecraft:iron_ingot":37,"minecraft:iron_pickaxe":1,"minecraft:wooden_axe":2,"minecraft:stone_sword":1,"minecraft:iron_leggings":2,"minecraft:white_bed":1,"minecraft:torch":96}},"DataVersion":3120}