{"stats":{"minecraft:picked_up":{"minecraft:wooden_axe":3,"minecraft:crafting_table":8,"minecraft:iron_chestplate":5,"minecraft:allium":8,"minecraft:golden_pickaxe":9,"minecraft:potion":3,"minecraft:cornflower":1,"minecraft:flint_and_steel":10,"minecraft:iron_leggings":2,"minecraft:beef":6,"minecraft:oak_boat":8,"minecraft:redstone_torch":1,"minecraft:iron_nugget":27,"minecraft:poppy":1,"minecraft:sugar_cane":25,"minecraft:chest":1,"minecraft:birch_sapling":1,"minecraft:iron_boots":2,"minecraft:furnace":8,"minecraft:stick":31,"minecraft:raw_iron":4,"minecraft:torch":45,"minecraft:fire_charge":1,"minecraft:porkchop":9,"minecraft:arrow":11,"minecraft:stone_sword":5,"man:redcandle":2,"minecraft:rotten_flesh":13,"minecraft:hay_block":15,"minecraft:mutton":18,"minecraft:cobblestone":72,"minecraft:white_wool":42,"minecraft:feather":8,"minecraft:water_bucket":6,"minecraft:salmon":3,"minecraft:leather":41,"thestarvedstalker:starved_tooth":2,"minecraft:flint":2,"minecraft:oak_log":27,"minecraft:yellow_bed":3,"minecraft:blue_bed":3,"minecraft:dirt":26,"minecraft:cooked_mutton":13,"minecraft:bone":7,"minecraft:apple":65,"minecraft:wheat_seeds":20,"minecraft:stone_pickaxe":8,"minecraft:iron_ingot":101,"thestarvedstalker:hungering_soil":34,"minecraft:oak_planks":351,"minecraft:iron_sword":6,"minecraft:book":72,"minecraft:birch_boat":2,"minecraft:cooked_porkchop":4,"minecraft:white_bed":4,"minecraft:grass_block":1,"man:tearoftheman":1,"minecraft:stone_axe":7,"thestarvedstalker:cadasite":82,"minecraft:gray_wool":1,"minecraft:golden_apple":2,"minecraft:emerald":15,"minecraft:bread":163,"minecraft:oak_sapling":1,"minecraft:black_wool":3,"minecraft:coal":177},"minecraft:crafted":{"minecraft:oak_planks":108,"minecraft:furnace":1,"minecraft:iron_boots":1,"minecraft:stone_pickaxe":1,"minecraft:wheat":135,"minecraft:cooked_beef":4,"minecraft:crafting_table":2,"minecraft:wooden_pickaxe":1,"minecraft:blue_bed":1,"minecraft:bread":45,"minecraft:air":0,"minecraft:blue_dye":1,"minecraft:oak_boat":1,"minecraft:stick":24,"minecraft:iron_ingot":5,"minecraft:wooden_axe":2,"minecraft:stone_sword":1,"minecraft:iron_leggings":1,"minecraft:torch":8},"minecraft:broken":{"minecraft:wooden_pickaxe":1,"minecraft:wooden_axe":1},"minecraft:killed_by":{"thestarvedstalker:the_starved_stalker_aggro":1,"minecraft:zombie_villager":1,"minecraft:player":2,"thestarvedstalker:hungrejaw":1,"minecraft:iron_golem":2,"minecraft:zombie":2},"minecraft:custom":{"minecraft:mob_kills":18,"minecraft:interact_with_crafting_table":18,"minecraft:open_barrel":1,"minecraft:leave_game":7,"minecraft:time_since_death":11826,"minecraft:climb_one_cm":1298,"minecraft:sprint_one_cm":223823,"minecraft:walk_one_cm":164621,"minecraft:drop":75,"minecraft:play_noteblock":1,"minecraft:talked_to_villager":3,"minecraft:play_time":85873,"minecraft:deaths":9,"minecraft:sneak_time":3764,"minecraft:walk_under_water_one_cm":849,"minecraft:boat_one_cm":124916,"minecraft:jump":2774,"minecraft:walk_on_water_one_cm":1109,"minecraft:total_world_time":85873,"minecraft:interact_with_furnace":6,"minecraft:tune_noteblock":18,"minecraft:interact_with_stonecutter":1,"minecraft:sleep_in_bed":8,"minecraft:time_since_rest":3614,"minecraft:damage_taken":4445,"minecraft:damage_absorbed":40,"minecraft:damage_dealt":3454,"minecraft:swim_one_cm":5249,"minecraft:fly_one_cm":632061,"minecraft:player_kills":4,"minecraft:open_chest":22,"minecraft:crouch_one_cm":10940,"minecraft:fall_one_cm":103023},"minecraft:killed":{"thestarvedstalker:putrid_fangs":2,"minecraft:pig":5,"minecraft:sheep":4,"minecraft:zombie":2,"thestarvedstalker:hungrejaw":3,"minecraft:cow":1},"minecraft:dropped":{"minecraft:bread":26,"minecraft:iron_sword":1,"minecraft:wheat_seeds":12,"minecraft:glass_bottle":1,"minecraft:crafting_table":1,"thestarvedstalker:hungering_soil":17,"minecraft:cooked_porkchop":1,"minecraft:feather":2,"minecraft:coal":7,"minecraft:mutton":8,"minecraft:wooden_axe":2,"thestarvedstalker:starved_tooth":1,"minecraft:stone_sword":1,"minecraft:rotten_flesh":13,"minecraft:cooked_mutton":3,"minecraft:allium":7,"minecraft:iron_chestplate":2,"minecraft:oak_sapling":1,"minecraft:stone_pickaxe":1,"minecraft:black_wool":1},"minecraft:used":{"minecraft:stone_sword":4,"minecraft:flint_and_steel":12,"minecraft:poppy":1,"minecraft:chest":1,"minecraft:iron_sword":7,"minecraft:torch":37,"minecraft:dirt":22,"minecraft:allium":1,"minecraft:wooden_axe":50,"minecraft:grass_block":1,"minecraft:iron_boots":2,"minecraft:beef":2,"minecraft:furnace":1,"minecraft:cooked_beef":4,"minecraft:iron_leggings":2,"minecraft:cooked_mutton":1,"minecraft:water_bucket":1,"minecraft:stone_pickaxe":5,"minecraft:oak_planks":13,"minecraft:wooden_pickaxe":55,"minecraft:blue_bed":2,"man:redcandle":2,"minecraft:golden_apple":1,"minecraft:crafting_table":8,"minecraft:white_bed":3,"minecraft:redstone_torch":1,"minecraft:bread":39,"minecraft:stone_axe":11,"minecraft:cobblestone":10,"minecraft:potion":1,"minecraft:cooked_porkchop":1,"minecraft:porkchop":1,"minecraft:bucket":1,"minecraft:yellow_bed":3,"minecraft:oak_boat":3,"minecraft:gray_wool":1,"minecraft:golden_pickaxe":4},"minecraft:mined":{"minecraft:white_bed":4,"minecraft:grass_block":4,"minecraft:hay_block":14,"minecraft:furnace":1,"minecraft:iron_ore":3,"minecraft:fire":12,"minecraft:stone":16,"minecraft:powder_snow":1,"minecraft:torch":16,"minecraft:crafting_table":5,"minecraft:cornflower":1,"minecraft:chest":1,"man:redcandle":2,"minecraft:tall_grass":35,"minecraft:sugar_cane":9,"minecraft:wall_torch":15,"minecraft:blue_bed":2,"minecraft:yellow_bed":1,"minecraft:grass":45,"minecraft:oak_log":27,"minecraft:coal_ore":33,"minecraft:netherrack":3,"minecraft:oak_leaves":20}},"DataVersion":3120}