{"stats":{"minecraft:killed":{"minecraft:sheep":4,"minecraft:pig":4,"minecraft:cow":1},"minecraft:used":{"minecraft:redstone_torch":1,"minecraft:wooden_axe":34,"minecraft:stone_pickaxe":3,"minecraft:bread":8,"minecraft:wooden_pickaxe":37,"minecraft:blue_bed":1,"minecraft:torch":20,"minecraft:beef":2,"minecraft:crafting_table":3,"minecraft:white_bed":3,"minecraft:oak_boat":2,"minecraft:golden_pickaxe":4},"minecraft:crafted":{"minecraft:blue_dye":1,"minecraft:oak_boat":1,"minecraft:oak_planks":108,"minecraft:stick":12,"minecraft:stone_pickaxe":1,"minecraft:wooden_pickaxe":1,"minecraft:wooden_axe":1,"minecraft:blue_bed":1,"minecraft:torch":8,"minecraft:wheat":72},"minecraft:dropped":{"minecraft:iron_chestplate":1,"minecraft:oak_sapling":1},"minecraft:mined":{"minecraft:hay_block":7,"minecraft:white_bed":4,"minecraft:iron_ore":3,"minecraft:cornflower":1,"minecraft:crafting_table":3,"minecraft:torch":9,"minecraft:grass":18,"minecraft:grass_block":1,"minecraft:coal_ore":20,"minecraft:oak_log":27,"minecraft:chest":1,"minecraft:tall_grass":13,"minecraft:stone":16,"minecraft:netherrack":3,"minecraft:sugar_cane":7,"minecraft:oak_leaves":20,"minecraft:wall_torch":9},"minecraft:picked_up":{"minecraft:raw_iron":4,"minecraft:crafting_table":4,"minecraft:iron_chestplate":1,"minecraft:golden_pickaxe":2,"minecraft:leather":2,"minecraft:torch":19,"minecraft:fire_charge":1,"minecraft:porkchop":8,"minecraft:oak_log":27,"minecraft:white_bed":4,"minecraft:cornflower":1,"minecraft:dirt":17,"minecraft:flint_and_steel":1,"minecraft:wheat_seeds":7,"minecraft:redstone_torch":1,"minecraft:sugar_cane":18,"minecraft:hay_block":8,"minecraft:beef":6,"minecraft:iron_nugget":15,"minecraft:oak_boat":2,"minecraft:golden_apple":1,"minecraft:bread":12,"minecraft:oak_sapling":1,"minecraft:chest":1,"minecraft:coal":20,"minecraft:mutton":8,"minecraft:white_wool":4,"minecraft:cobblestone":16},"minecraft:custom":{"minecraft:time_since_rest":6790,"minecraft:sprint_one_cm":54988,"minecraft:damage_taken":185,"minecraft:walk_one_cm":52248,"minecraft:mob_kills":9,"minecraft:drop":2,"minecraft:damage_dealt":802,"minecraft:interact_with_crafting_table":5,"minecraft:fly_one_cm":156979,"minecraft:open_chest":3,"minecraft:crouch_one_cm":2926,"minecraft:play_time":23292,"minecraft:sneak_time":1092,"minecraft:boat_one_cm":63249,"minecraft:jump":675,"minecraft:interact_with_stonecutter":1,"minecraft:walk_on_water_one_cm":258,"minecraft:time_since_death":23292,"minecraft:sleep_in_bed":3,"minecraft:total_world_time":23292,"minecraft:fall_one_cm":20313}},"DataVersion":3120}