{"stats":{"minecraft:killed":{"minecraft:pig":1,"minecraft:cow":1},"minecraft:used":{"minecraft:wooden_axe":13,"minecraft:stone_pickaxe":3,"minecraft:bread":2,"minecraft:wooden_pickaxe":30,"minecraft:torch":13,"minecraft:beef":2,"minecraft:crafting_table":2,"minecraft:white_bed":2},"minecraft:crafted":{"minecraft:oak_planks":44,"minecraft:stick":12,"minecraft:stone_pickaxe":1,"minecraft:wooden_pickaxe":1,"minecraft:wooden_axe":1,"minecraft:torch":8},"minecraft:dropped":{"minecraft:iron_chestplate":1},"minecraft:mined":{"minecraft:hay_block":7,"minecraft:white_bed":3,"minecraft:iron_ore":3,"minecraft:crafting_table":2,"minecraft:torch":4,"minecraft:grass":5,"minecraft:coal_ore":13,"minecraft:oak_log":15,"minecraft:tall_grass":3,"minecraft:stone":16,"minecraft:oak_leaves":8,"minecraft:wall_torch":9},"minecraft:picked_up":{"minecraft:raw_iron":4,"minecraft:crafting_table":3,"minecraft:iron_chestplate":1,"minecraft:leather":2,"minecraft:torch":14,"minecraft:porkchop":2,"minecraft:oak_log":15,"minecraft:white_bed":3,"minecraft:dirt":16,"minecraft:wheat_seeds":5,"minecraft:hay_block":8,"minecraft:beef":6,"minecraft:bread":12,"minecraft:oak_sapling":1,"minecraft:coal":13,"minecraft:mutton":2,"minecraft:cobblestone":16},"minecraft:custom":{"minecraft:time_since_rest":7694,"minecraft:sprint_one_cm":21279,"minecraft:damage_taken":75,"minecraft:walk_one_cm":28076,"minecraft:mob_kills":2,"minecraft:drop":1,"minecraft:damage_dealt":182,"minecraft:interact_with_crafting_table":3,"minecraft:fly_one_cm":50411,"minecraft:open_chest":3,"minecraft:crouch_one_cm":1539,"minecraft:play_time":11292,"minecraft:sneak_time":532,"minecraft:jump":243,"minecraft:interact_with_stonecutter":1,"minecraft:time_since_death":11292,"minecraft:sleep_in_bed":2,"minecraft:total_world_time":11292,"minecraft:fall_one_cm":6276}},"DataVersion":3120}