{"stats":{"minecraft:mined":{"minecraft:white_bed":7,"minecraft:granite":2,"minecraft:grass_block":4,"minecraft:spawner":2,"minecraft:hay_block":14,"minecraft:furnace":1,"minecraft:iron_ore":109,"minecraft:fire":12,"minecraft:andesite":7,"minecraft:sculk_shrieker":1,"minecraft:deepslate_iron_ore":12,"minecraft:stone":87,"thestarvedstalker:hungering_soil":2,"minecraft:powder_snow":8,"minecraft:cornflower":1,"minecraft:crafting_table":7,"minecraft:torch":29,"minecraft:blast_furnace":1,"minecraft:chest":1,"man:redcandle":2,"minecraft:sculk_sensor":2,"minecraft:tall_grass":64,"minecraft:cobblestone":30,"minecraft:deepslate_gold_ore":12,"minecraft:lapis_ore":1,"minecraft:oak_planks":6,"minecraft:sugar_cane":9,"minecraft:wall_torch":30,"minecraft:sculk":1,"minecraft:diorite":6,"minecraft:blue_bed":2,"minecraft:yellow_bed":7,"minecraft:grass":79,"minecraft:oak_log":71,"minecraft:coal_ore":115,"minecraft:dirt":1,"minecraft:cobweb":43,"minecraft:netherrack":3,"minecraft:gold_ore":13,"minecraft:oak_leaves":40,"minecraft:deepslate":9},"minecraft:dropped":{"minecraft:water_bucket":3,"minecraft:iron_ingot":12,"minecraft:bread":26,"minecraft:iron_sword":3,"minecraft:wheat_seeds":16,"minecraft:cooked_beef":5,"minecraft:oak_log":1,"minecraft:glass_bottle":1,"minecraft:crafting_table":2,"thestarvedstalker:hungering_soil":17,"minecraft:cooked_porkchop":1,"minecraft:oak_fence":4,"minecraft:iron_helmet":2,"minecraft:feather":2,"minecraft:granite":1,"minecraft:rail":6,"minecraft:coal":36,"minecraft:diorite":12,"minecraft:torch":10,"minecraft:mutton":8,"minecraft:wooden_axe":2,"minecraft:iron_leggings":2,"minecraft:gravel":4,"thestarvedstalker:starved_tooth":1,"minecraft:stone_axe":4,"minecraft:stone_sword":2,"minecraft:rotten_flesh":45,"minecraft:oak_planks":39,"minecraft:iron_boots":1,"minecraft:cooked_mutton":3,"minecraft:white_bed":1,"thestarvedstalker:cadasite":19,"minecraft:poppy":4,"minecraft:allium":7,"minecraft:iron_chestplate":4,"minecraft:andesite":18,"minecraft:oak_sapling":1,"minecraft:spider_eye":1,"minecraft:birch_boat":1,"minecraft:stone_pickaxe":2,"minecraft:black_wool":1},"minecraft:used":{"minecraft:stone_sword":4,"minecraft:flint_and_steel":14,"minecraft:poppy":1,"minecraft:chest":3,"minecraft:shield":30,"minecraft:iron_sword":250,"minecraft:rotten_flesh":5,"minecraft:iron_chestplate":3,"minecraft:torch":374,"minecraft:dirt":23,"minecraft:mutton":3,"minecraft:carrot":10,"minecraft:allium":2,"minecraft:granite":2,"minecraft:wooden_axe":82,"minecraft:grass_block":1,"minecraft:iron_helmet":2,"minecraft:iron_boots":4,"minecraft:bow":7,"minecraft:beef":2,"minecraft:oak_sapling":2,"minecraft:furnace":3,"minecraft:beetroot_seeds":7,"thestarvedstalker:hungering_soil":1,"minecraft:cooked_beef":9,"minecraft:cobbled_deepslate":3,"minecraft:enchanted_golden_apple":1,"minecraft:iron_leggings":3,"minecraft:cooked_mutton":4,"minecraft:water_bucket":46,"minecraft:stone_pickaxe":5,"minecraft:baked_potato":6,"minecraft:oak_planks":13,"minecraft:wooden_pickaxe":63,"minecraft:blue_bed":2,"man:redcandle":2,"minecraft:golden_apple":1,"minecraft:glow_berries":4,"minecraft:rail":5,"minecraft:crafting_table":14,"minecraft:blast_furnace":1,"minecraft:white_bed":7,"minecraft:redstone_torch":1,"minecraft:apple":16,"minecraft:bread":58,"minecraft:iron_pickaxe":321,"minecraft:gravel":2,"minecraft:stone_axe":46,"minecraft:cobblestone":106,"minecraft:potion":1,"minecraft:porkchop":2,"minecraft:cooked_porkchop":1,"minecraft:andesite":17,"minecraft:bucket":46,"minecraft:yellow_bed":8,"minecraft:oak_boat":6,"minecraft:chest_minecart":1,"minecraft:golden_pickaxe":32,"minecraft:gray_wool":1},"minecraft:picked_up":{"minecraft:wooden_axe":3,"minecraft:crafting_table":15,"minecraft:iron_chestplate":11,"minecraft:wheat":1,"minecraft:allium":11,"minecraft:chest_minecart":1,"minecraft:golden_pickaxe":10,"minecraft:wooden_pickaxe":1,"minecraft:potion":3,"minecraft:shield":6,"minecraft:cornflower":1,"minecraft:string":342,"minecraft:flint_and_steel":19,"minecraft:iron_leggings":9,"minecraft:cobbled_deepslate":8,"minecraft:beef":6,"minecraft:oak_boat":14,"minecraft:redstone_torch":1,"minecraft:iron_nugget":27,"minecraft:poppy":7,"minecraft:iron_pickaxe":6,"minecraft:enchanted_golden_apple":1,"minecraft:sugar_cane":25,"minecraft:chest":1,"minecraft:birch_sapling":1,"minecraft:iron_boots":7,"minecraft:furnace":10,"minecraft:stick":116,"minecraft:raw_iron":179,"minecraft:oak_fence":8,"minecraft:torch":198,"minecraft:fire_charge":1,"minecraft:porkchop":10,"minecraft:diorite":12,"minecraft:carrot":8,"minecraft:stone_sword":6,"man:redcandle":2,"minecraft:arrow":44,"minecraft:rotten_flesh":50,"minecraft:beetroot_seeds":7,"minecraft:hay_block":15,"minecraft:glow_berries":4,"minecraft:mutton":21,"minecraft:rail":11,"minecraft:white_wool":77,"minecraft:cobblestone":285,"minecraft:feather":9,"minecraft:cooked_beef":36,"minecraft:water_bucket":17,"minecraft:andesite":35,"minecraft:salmon":3,"minecraft:leather":54,"thestarvedstalker:starved_tooth":2,"minecraft:flint":2,"minecraft:oak_log":70,"minecraft:yellow_bed":8,"minecraft:gunpowder":16,"minecraft:lapis_lazuli":9,"minecraft:dirt":27,"minecraft:blue_bed":3,"minecraft:cooked_mutton":16,"minecraft:bone":27,"minecraft:apple":103,"minecraft:bow":9,"minecraft:wheat_seeds":58,"minecraft:raw_gold":26,"minecraft:iron_ingot":490,"minecraft:stone_pickaxe":11,"thestarvedstalker:hungering_soil":35,"minecraft:iron_sword":14,"minecraft:oak_planks":751,"minecraft:book":96,"minecraft:cooked_porkchop":22,"minecraft:birch_boat":4,"minecraft:gravel":6,"minecraft:blast_furnace":1,"minecraft:white_bed":9,"minecraft:grass_block":1,"minecraft:spider_eye":3,"man:tearoftheman":5,"minecraft:stone_axe":18,"thestarvedstalker:cadasite":101,"minecraft:iron_helmet":6,"minecraft:granite":3,"minecraft:golden_apple":2,"minecraft:gray_wool":2,"minecraft:bread":187,"minecraft:emerald":18,"minecraft:baked_potato":12,"minecraft:oak_sapling":3,"minecraft:black_wool":6,"minecraft:coal":454},"minecraft:custom":{"minecraft:mob_kills":71,"minecraft:interact_with_crafting_table":51,"minecraft:open_barrel":1,"minecraft:leave_game":20,"minecraft:time_since_death":7796,"minecraft:damage_resisted":12,"minecraft:climb_one_cm":1662,"minecraft:sprint_one_cm":574890,"minecraft:walk_one_cm":480596,"minecraft:damage_blocked_by_shield":1680,"minecraft:drop":188,"minecraft:play_noteblock":1,"minecraft:talked_to_villager":7,"minecraft:play_time":215318,"minecraft:deaths":18,"minecraft:sneak_time":14542,"minecraft:walk_under_water_one_cm":12348,"minecraft:boat_one_cm":169854,"minecraft:jump":6391,"minecraft:walk_on_water_one_cm":24359,"minecraft:total_world_time":215318,"minecraft:interact_with_furnace":57,"minecraft:tune_noteblock":18,"minecraft:interact_with_stonecutter":1,"minecraft:sleep_in_bed":18,"minecraft:time_since_rest":7824,"minecraft:damage_taken":9155,"minecraft:damage_absorbed":86,"minecraft:damage_dealt":15189,"minecraft:player_kills":7,"minecraft:swim_one_cm":16561,"minecraft:fly_one_cm":1260055,"minecraft:open_chest":53,"minecraft:crouch_one_cm":41922,"minecraft:fall_one_cm":222550},"minecraft:killed_by":{"thestarvedstalker:the_starved_stalker_aggro":2,"minecraft:zombie_villager":1,"minecraft:player":3,"thestarvedstalker:hungrejaw":1,"minecraft:creeper":1,"minecraft:iron_golem":2,"sanitydim:rotting_stalker":1,"sanitydim:sneaking_terror":1,"minecraft:zombie":2,"cave_dweller:cave_dweller":2},"minecraft:killed":{"minecraft:cave_spider":5,"thestarvedstalker:putrid_fangs":2,"minecraft:spider":1,"minecraft:skeleton":10,"minecraft:pig":6,"minecraft:sheep":7,"minecraft:zombie":31,"thestarvedstalker:hungrejaw":3,"minecraft:cow":1},"minecraft:broken":{"minecraft:wooden_pickaxe":1,"minecraft:iron_pickaxe":1,"minecraft:golden_pickaxe":1,"minecraft:wooden_axe":1},"minecraft:crafted":{"minecraft:oak_planks":252,"minecraft:furnace":1,"minecraft:iron_boots":3,"minecraft:stone_pickaxe":1,"minecraft:chest":2,"minecraft:wheat":135,"minecraft:cooked_beef":4,"minecraft:crafting_table":7,"minecraft:iron_helmet":2,"minecraft:wooden_pickaxe":2,"minecraft:iron_sword":1,"minecraft:blue_bed":1,"minecraft:bread":45,"minecraft:air":0,"minecraft:blue_dye":1,"minecraft:oak_boat":3,"minecraft:iron_chestplate":2,"minecraft:shield":1,"minecraft:stick":80,"minecraft:iron_ingot":39,"minecraft:iron_pickaxe":2,"minecraft:wooden_axe":3,"minecraft:stone_sword":1,"minecraft:iron_leggings":2,"minecraft:white_bed":1,"minecraft:torch":224}},"DataVersion":3120}