{"stats":{"minecraft:picked_up":{"minecraft:wooden_axe":1,"minecraft:iron_chestplate":1,"minecraft:crafting_table":6,"minecraft:golden_pickaxe":2,"minecraft:leather":2,"minecraft:oak_log":27,"minecraft:blue_bed":2,"minecraft:cornflower":1,"minecraft:dirt":20,"minecraft:flint_and_steel":1,"minecraft:wheat_seeds":8,"minecraft:beef":6,"minecraft:oak_boat":3,"minecraft:redstone_torch":1,"minecraft:iron_nugget":15,"minecraft:sugar_cane":25,"minecraft:chest":1,"minecraft:birch_sapling":1,"minecraft:furnace":1,"minecraft:raw_iron":4,"minecraft:torch":30,"minecraft:fire_charge":1,"minecraft:porkchop":8,"minecraft:white_bed":4,"man:redcandle":2,"thestarvedstalker:cadasite":3,"minecraft:hay_block":15,"minecraft:golden_apple":1,"minecraft:bread":12,"minecraft:oak_sapling":1,"minecraft:mutton":8,"minecraft:coal":33,"minecraft:cobblestone":27,"minecraft:white_wool":4},"minecraft:crafted":{"minecraft:cooked_beef":4,"minecraft:oak_planks":108,"minecraft:crafting_table":1,"minecraft:wooden_pickaxe":1,"minecraft:furnace":1,"minecraft:blue_bed":1,"minecraft:bread":45,"minecraft:air":0,"minecraft:blue_dye":1,"minecraft:oak_boat":1,"minecraft:stick":24,"minecraft:iron_ingot":5,"minecraft:stone_pickaxe":1,"minecraft:wooden_axe":2,"minecraft:stone_sword":1,"minecraft:torch":8,"minecraft:wheat":135},"minecraft:broken":{"minecraft:wooden_axe":1},"minecraft:killed_by":{"thestarvedstalker:the_starved_stalker_aggro":1},"minecraft:custom":{"minecraft:interact_with_furnace":6,"minecraft:mob_kills":13,"minecraft:interact_with_crafting_table":15,"minecraft:tune_noteblock":18,"minecraft:open_barrel":1,"minecraft:interact_with_stonecutter":1,"minecraft:leave_game":1,"minecraft:time_since_death":1680,"minecraft:sleep_in_bed":4,"minecraft:climb_one_cm":492,"minecraft:time_since_rest":2055,"minecraft:sprint_one_cm":138814,"minecraft:damage_taken":1161,"minecraft:walk_one_cm":110548,"minecraft:drop":14,"minecraft:damage_dealt":1289,"minecraft:play_noteblock":1,"minecraft:swim_one_cm":5249,"minecraft:talked_to_villager":3,"minecraft:fly_one_cm":424503,"minecraft:open_chest":19,"minecraft:crouch_one_cm":8556,"minecraft:play_time":55781,"minecraft:deaths":1,"minecraft:sneak_time":2711,"minecraft:walk_under_water_one_cm":849,"minecraft:boat_one_cm":124916,"minecraft:jump":1837,"minecraft:walk_on_water_one_cm":1109,"minecraft:total_world_time":55781,"minecraft:fall_one_cm":64548},"minecraft:killed":{"minecraft:pig":4,"thestarvedstalker:putrid_fangs":1,"minecraft:sheep":4,"thestarvedstalker:hungrejaw":3,"minecraft:cow":1},"minecraft:dropped":{"minecraft:bread":9,"minecraft:mutton":8,"minecraft:iron_chestplate":1,"minecraft:wooden_axe":2,"minecraft:oak_sapling":1},"minecraft:used":{"minecraft:water_bucket":1,"minecraft:stone_sword":2,"minecraft:stone_pickaxe":4,"minecraft:oak_planks":13,"minecraft:chest":1,"minecraft:wooden_pickaxe":50,"minecraft:blue_bed":2,"man:redcandle":2,"minecraft:torch":35,"minecraft:dirt":20,"minecraft:crafting_table":7,"minecraft:white_bed":3,"minecraft:redstone_torch":1,"minecraft:wooden_axe":49,"minecraft:bread":22,"minecraft:cobblestone":8,"minecraft:beef":2,"minecraft:furnace":1,"minecraft:bucket":1,"minecraft:oak_boat":3,"minecraft:cooked_beef":4,"minecraft:golden_pickaxe":4},"minecraft:mined":{"minecraft:white_bed":4,"minecraft:powder_snow":1,"minecraft:crafting_table":5,"minecraft:cornflower":1,"minecraft:torch":15,"minecraft:grass_block":4,"minecraft:chest":1,"man:redcandle":2,"minecraft:tall_grass":34,"minecraft:sugar_cane":9,"minecraft:wall_torch":14,"minecraft:blue_bed":2,"minecraft:hay_block":14,"minecraft:furnace":1,"minecraft:iron_ore":3,"minecraft:grass":24,"minecraft:oak_log":27,"minecraft:coal_ore":33,"minecraft:stone":16,"minecraft:netherrack":3,"minecraft:oak_leaves":20}},"DataVersion":3120}