{"stats":{"minecraft:picked_up":{"minecraft:wooden_axe":3,"minecraft:iron_chestplate":2,"minecraft:crafting_table":6,"minecraft:allium":5,"minecraft:feather":7,"minecraft:water_bucket":4,"minecraft:salmon":3,"minecraft:golden_pickaxe":7,"minecraft:leather":15,"thestarvedstalker:starved_tooth":1,"minecraft:potion":3,"minecraft:flint":2,"minecraft:oak_log":27,"minecraft:yellow_bed":1,"minecraft:cornflower":1,"minecraft:dirt":26,"minecraft:blue_bed":3,"minecraft:flint_and_steel":6,"minecraft:cooked_mutton":7,"minecraft:bone":2,"minecraft:apple":33,"minecraft:wheat_seeds":8,"minecraft:iron_ingot":32,"minecraft:beef":6,"minecraft:stone_pickaxe":4,"minecraft:oak_boat":6,"minecraft:redstone_torch":1,"minecraft:iron_nugget":27,"minecraft:chest":1,"minecraft:sugar_cane":25,"thestarvedstalker:hungering_soil":34,"minecraft:birch_sapling":1,"minecraft:iron_sword":2,"minecraft:oak_planks":206,"minecraft:furnace":4,"minecraft:book":24,"minecraft:stick":21,"minecraft:raw_iron":4,"minecraft:cooked_porkchop":2,"minecraft:birch_boat":2,"minecraft:torch":40,"minecraft:fire_charge":1,"minecraft:porkchop":8,"minecraft:white_bed":4,"man:tearoftheman":1,"minecraft:stone_sword":4,"man:redcandle":2,"minecraft:arrow":3,"minecraft:rotten_flesh":9,"minecraft:stone_axe":3,"thestarvedstalker:cadasite":44,"minecraft:hay_block":15,"minecraft:golden_apple":2,"minecraft:gray_wool":1,"minecraft:bread":124,"minecraft:emerald":9,"minecraft:oak_sapling":1,"minecraft:black_wool":1,"minecraft:mutton":18,"minecraft:coal":117,"minecraft:white_wool":22,"minecraft:cobblestone":46},"minecraft:crafted":{"minecraft:cooked_beef":4,"minecraft:oak_planks":108,"minecraft:crafting_table":2,"minecraft:wooden_pickaxe":1,"minecraft:furnace":1,"minecraft:blue_bed":1,"minecraft:bread":45,"minecraft:air":0,"minecraft:blue_dye":1,"minecraft:oak_boat":1,"minecraft:iron_boots":1,"minecraft:stick":24,"minecraft:iron_ingot":5,"minecraft:stone_pickaxe":1,"minecraft:wooden_axe":2,"minecraft:stone_sword":1,"minecraft:iron_leggings":1,"minecraft:torch":8,"minecraft:wheat":135},"minecraft:broken":{"minecraft:wooden_axe":1,"minecraft:wooden_pickaxe":1},"minecraft:killed_by":{"thestarvedstalker:the_starved_stalker_aggro":1,"minecraft:zombie_villager":1,"minecraft:player":1,"thestarvedstalker:hungrejaw":1,"minecraft:zombie":2,"minecraft:iron_golem":1},"minecraft:custom":{"minecraft:interact_with_furnace":6,"minecraft:mob_kills":17,"minecraft:interact_with_crafting_table":18,"minecraft:tune_noteblock":18,"minecraft:open_barrel":1,"minecraft:interact_with_stonecutter":1,"minecraft:leave_game":4,"minecraft:time_since_death":4572,"minecraft:sleep_in_bed":4,"minecraft:climb_one_cm":492,"minecraft:time_since_rest":4596,"minecraft:sprint_one_cm":180764,"minecraft:damage_absorbed":40,"minecraft:damage_taken":3281,"minecraft:walk_one_cm":132913,"minecraft:drop":23,"minecraft:damage_dealt":2939,"minecraft:play_noteblock":1,"minecraft:swim_one_cm":5249,"minecraft:talked_to_villager":3,"minecraft:fly_one_cm":545945,"minecraft:player_kills":4,"minecraft:open_chest":21,"minecraft:play_time":67989,"minecraft:crouch_one_cm":8839,"minecraft:deaths":7,"minecraft:sneak_time":2812,"minecraft:walk_under_water_one_cm":849,"minecraft:boat_one_cm":124916,"minecraft:jump":2345,"minecraft:walk_on_water_one_cm":1109,"minecraft:total_world_time":67989,"minecraft:fall_one_cm":88633},"minecraft:killed":{"minecraft:pig":4,"thestarvedstalker:putrid_fangs":2,"minecraft:sheep":4,"minecraft:zombie":2,"thestarvedstalker:hungrejaw":3,"minecraft:cow":1},"minecraft:dropped":{"minecraft:bread":9,"thestarvedstalker:hungering_soil":17,"minecraft:feather":1,"minecraft:rotten_flesh":9,"minecraft:allium":5,"minecraft:mutton":8,"minecraft:iron_chestplate":1,"minecraft:wooden_axe":2,"minecraft:oak_sapling":1},"minecraft:used":{"minecraft:cooked_mutton":1,"minecraft:water_bucket":1,"minecraft:stone_sword":4,"minecraft:stone_pickaxe":4,"minecraft:oak_planks":13,"minecraft:chest":1,"minecraft:wooden_pickaxe":55,"minecraft:iron_sword":1,"minecraft:blue_bed":2,"man:redcandle":2,"minecraft:golden_apple":1,"minecraft:torch":35,"minecraft:dirt":22,"minecraft:crafting_table":8,"minecraft:white_bed":3,"minecraft:redstone_torch":1,"minecraft:wooden_axe":50,"minecraft:bread":26,"minecraft:iron_boots":1,"minecraft:stone_axe":11,"minecraft:cobblestone":8,"minecraft:beef":2,"minecraft:furnace":1,"minecraft:gray_wool":1,"minecraft:bucket":1,"minecraft:oak_boat":3,"minecraft:yellow_bed":1,"minecraft:cooked_beef":4,"minecraft:golden_pickaxe":4,"minecraft:iron_leggings":1},"minecraft:mined":{"minecraft:white_bed":4,"minecraft:powder_snow":1,"minecraft:cornflower":1,"minecraft:crafting_table":5,"minecraft:torch":16,"minecraft:grass_block":4,"minecraft:chest":1,"man:redcandle":2,"minecraft:tall_grass":34,"minecraft:sugar_cane":9,"minecraft:wall_torch":14,"minecraft:blue_bed":2,"minecraft:hay_block":14,"minecraft:furnace":1,"minecraft:iron_ore":3,"minecraft:grass":28,"minecraft:coal_ore":33,"minecraft:oak_log":27,"minecraft:stone":16,"minecraft:netherrack":3,"minecraft:oak_leaves":20}},"DataVersion":3120}