{"stats":{"minecraft:mined":{"minecraft:white_bed":6,"minecraft:granite":1,"minecraft:grass_block":4,"minecraft:spawner":2,"minecraft:hay_block":14,"minecraft:furnace":1,"minecraft:iron_ore":82,"minecraft:fire":12,"minecraft:andesite":3,"minecraft:sculk_shrieker":1,"minecraft:deepslate_iron_ore":1,"minecraft:stone":74,"thestarvedstalker:hungering_soil":2,"minecraft:powder_snow":8,"minecraft:crafting_table":6,"minecraft:cornflower":1,"minecraft:torch":24,"minecraft:blast_furnace":1,"minecraft:chest":1,"man:redcandle":2,"minecraft:tall_grass":53,"minecraft:cobblestone":14,"minecraft:lapis_ore":1,"minecraft:deepslate_gold_ore":6,"minecraft:sugar_cane":9,"minecraft:oak_planks":3,"minecraft:wall_torch":23,"minecraft:diorite":6,"minecraft:blue_bed":2,"minecraft:yellow_bed":7,"minecraft:grass":60,"minecraft:oak_log":45,"minecraft:coal_ore":90,"minecraft:dirt":1,"minecraft:cobweb":43,"minecraft:netherrack":3,"minecraft:gold_ore":8,"minecraft:oak_leaves":33,"minecraft:deepslate":3},"minecraft:dropped":{"minecraft:water_bucket":2,"minecraft:iron_ingot":12,"minecraft:bread":26,"minecraft:iron_sword":3,"minecraft:wheat_seeds":15,"minecraft:glass_bottle":1,"minecraft:crafting_table":1,"thestarvedstalker:hungering_soil":17,"minecraft:cooked_porkchop":1,"minecraft:oak_fence":4,"minecraft:iron_helmet":2,"minecraft:feather":2,"minecraft:coal":28,"minecraft:diorite":12,"minecraft:torch":10,"minecraft:mutton":8,"minecraft:wooden_axe":2,"minecraft:iron_leggings":2,"minecraft:gravel":4,"thestarvedstalker:starved_tooth":1,"minecraft:stone_axe":3,"minecraft:stone_sword":2,"minecraft:rotten_flesh":38,"minecraft:oak_planks":21,"minecraft:iron_boots":1,"minecraft:cooked_mutton":3,"minecraft:white_bed":1,"thestarvedstalker:cadasite":19,"minecraft:poppy":4,"minecraft:allium":7,"minecraft:iron_chestplate":4,"minecraft:andesite":2,"minecraft:oak_sapling":1,"minecraft:spider_eye":1,"minecraft:birch_boat":1,"minecraft:stone_pickaxe":2,"minecraft:black_wool":1},"minecraft:used":{"minecraft:stone_sword":4,"minecraft:flint_and_steel":13,"minecraft:poppy":1,"minecraft:chest":3,"minecraft:shield":28,"minecraft:iron_sword":199,"minecraft:rotten_flesh":2,"minecraft:iron_chestplate":2,"minecraft:torch":274,"minecraft:dirt":23,"minecraft:mutton":1,"minecraft:carrot":10,"minecraft:allium":2,"minecraft:granite":2,"minecraft:wooden_axe":50,"minecraft:grass_block":1,"minecraft:iron_helmet":2,"minecraft:iron_boots":3,"minecraft:bow":6,"minecraft:beef":2,"minecraft:oak_sapling":2,"minecraft:furnace":3,"minecraft:beetroot_seeds":7,"thestarvedstalker:hungering_soil":1,"minecraft:cooked_beef":4,"minecraft:cobbled_deepslate":3,"minecraft:enchanted_golden_apple":1,"minecraft:iron_leggings":3,"minecraft:cooked_mutton":4,"minecraft:water_bucket":40,"minecraft:stone_pickaxe":5,"minecraft:baked_potato":6,"minecraft:oak_planks":13,"minecraft:wooden_pickaxe":55,"minecraft:blue_bed":2,"man:redcandle":2,"minecraft:glow_berries":4,"minecraft:golden_apple":1,"minecraft:rail":5,"minecraft:crafting_table":11,"minecraft:blast_furnace":1,"minecraft:white_bed":7,"minecraft:redstone_torch":1,"minecraft:apple":16,"minecraft:bread":58,"minecraft:iron_pickaxe":214,"minecraft:gravel":2,"minecraft:stone_axe":40,"minecraft:cobblestone":67,"minecraft:potion":1,"minecraft:porkchop":2,"minecraft:cooked_porkchop":1,"minecraft:andesite":9,"minecraft:bucket":40,"minecraft:yellow_bed":8,"minecraft:oak_boat":4,"minecraft:chest_minecart":1,"minecraft:golden_pickaxe":32,"minecraft:gray_wool":1},"minecraft:picked_up":{"minecraft:wooden_axe":3,"minecraft:crafting_table":12,"minecraft:iron_chestplate":11,"minecraft:wheat":1,"minecraft:allium":11,"minecraft:chest_minecart":1,"minecraft:golden_pickaxe":10,"minecraft:wooden_pickaxe":1,"minecraft:potion":3,"minecraft:shield":5,"minecraft:cornflower":1,"minecraft:string":114,"minecraft:flint_and_steel":18,"minecraft:iron_leggings":8,"minecraft:cobbled_deepslate":3,"minecraft:beef":6,"minecraft:oak_boat":11,"minecraft:redstone_torch":1,"minecraft:iron_nugget":27,"minecraft:poppy":7,"minecraft:iron_pickaxe":4,"minecraft:enchanted_golden_apple":1,"minecraft:sugar_cane":25,"minecraft:chest":1,"minecraft:birch_sapling":1,"minecraft:furnace":10,"minecraft:iron_boots":7,"minecraft:stick":110,"minecraft:raw_iron":142,"minecraft:oak_fence":8,"minecraft:torch":184,"minecraft:fire_charge":1,"minecraft:porkchop":10,"minecraft:diorite":12,"minecraft:carrot":8,"minecraft:stone_sword":6,"minecraft:arrow":43,"man:redcandle":2,"minecraft:rotten_flesh":40,"minecraft:beetroot_seeds":7,"minecraft:hay_block":15,"minecraft:glow_berries":4,"minecraft:mutton":19,"minecraft:rail":5,"minecraft:white_wool":76,"minecraft:cobblestone":238,"minecraft:feather":9,"minecraft:water_bucket":14,"minecraft:andesite":12,"minecraft:salmon":3,"minecraft:leather":54,"thestarvedstalker:starved_tooth":2,"minecraft:flint":2,"minecraft:oak_log":45,"minecraft:yellow_bed":8,"minecraft:lapis_lazuli":9,"minecraft:gunpowder":16,"minecraft:dirt":27,"minecraft:blue_bed":3,"minecraft:cooked_mutton":16,"minecraft:bone":18,"minecraft:apple":103,"minecraft:bow":6,"minecraft:wheat_seeds":57,"minecraft:raw_gold":14,"minecraft:iron_ingot":362,"minecraft:stone_pickaxe":11,"thestarvedstalker:hungering_soil":35,"minecraft:iron_sword":14,"minecraft:oak_planks":620,"minecraft:book":96,"minecraft:cooked_porkchop":4,"minecraft:birch_boat":4,"minecraft:gravel":6,"minecraft:blast_furnace":1,"minecraft:white_bed":8,"minecraft:grass_block":1,"minecraft:spider_eye":3,"man:tearoftheman":5,"minecraft:stone_axe":16,"thestarvedstalker:cadasite":101,"minecraft:iron_helmet":5,"minecraft:granite":2,"minecraft:golden_apple":2,"minecraft:gray_wool":1,"minecraft:emerald":18,"minecraft:bread":187,"minecraft:baked_potato":12,"minecraft:oak_sapling":3,"minecraft:black_wool":6,"minecraft:coal":429},"minecraft:custom":{"minecraft:mob_kills":53,"minecraft:interact_with_crafting_table":39,"minecraft:open_barrel":1,"minecraft:leave_game":16,"minecraft:time_since_death":21820,"minecraft:damage_resisted":12,"minecraft:climb_one_cm":1662,"minecraft:sprint_one_cm":487207,"minecraft:walk_one_cm":396914,"minecraft:damage_blocked_by_shield":1405,"minecraft:drop":131,"minecraft:play_noteblock":1,"minecraft:talked_to_villager":7,"minecraft:play_time":177889,"minecraft:deaths":14,"minecraft:sneak_time":10321,"minecraft:walk_under_water_one_cm":11667,"minecraft:boat_one_cm":124916,"minecraft:jump":5373,"minecraft:walk_on_water_one_cm":22828,"minecraft:total_world_time":177889,"minecraft:interact_with_furnace":42,"minecraft:tune_noteblock":18,"minecraft:interact_with_stonecutter":1,"minecraft:sleep_in_bed":18,"minecraft:time_since_rest":69,"minecraft:damage_taken":7582,"minecraft:damage_absorbed":86,"minecraft:damage_dealt":11743,"minecraft:player_kills":6,"minecraft:swim_one_cm":15542,"minecraft:fly_one_cm":1073380,"minecraft:open_chest":51,"minecraft:crouch_one_cm":30343,"minecraft:fall_one_cm":194702},"minecraft:killed_by":{"thestarvedstalker:the_starved_stalker_aggro":1,"minecraft:zombie_villager":1,"minecraft:player":3,"thestarvedstalker:hungrejaw":1,"minecraft:iron_golem":2,"sanitydim:sneaking_terror":1,"minecraft:zombie":2,"cave_dweller:cave_dweller":2},"minecraft:killed":{"minecraft:cave_spider":5,"thestarvedstalker:putrid_fangs":2,"minecraft:skeleton":8,"minecraft:pig":6,"minecraft:sheep":5,"minecraft:zombie":20,"thestarvedstalker:hungrejaw":3,"minecraft:cow":1},"minecraft:broken":{"minecraft:wooden_pickaxe":1,"minecraft:golden_pickaxe":1,"minecraft:wooden_axe":1},"minecraft:crafted":{"minecraft:oak_planks":152,"minecraft:furnace":1,"minecraft:iron_boots":2,"minecraft:stone_pickaxe":1,"minecraft:chest":2,"minecraft:wheat":135,"minecraft:cooked_beef":4,"minecraft:crafting_table":4,"minecraft:iron_helmet":2,"minecraft:wooden_pickaxe":1,"minecraft:blue_bed":1,"minecraft:bread":45,"minecraft:air":0,"minecraft:blue_dye":1,"minecraft:oak_boat":2,"minecraft:iron_chestplate":1,"minecraft:shield":1,"minecraft:stick":48,"minecraft:iron_ingot":37,"minecraft:iron_pickaxe":1,"minecraft:wooden_axe":2,"minecraft:stone_sword":1,"minecraft:iron_leggings":2,"minecraft:white_bed":1,"minecraft:torch":144}},"DataVersion":3120}