{"stats":{"minecraft:mined":{"minecraft:white_bed":6,"minecraft:granite":1,"minecraft:grass_block":4,"minecraft:spawner":1,"minecraft:hay_block":14,"minecraft:furnace":1,"minecraft:iron_ore":60,"minecraft:fire":12,"minecraft:andesite":1,"minecraft:sculk_shrieker":1,"minecraft:deepslate_iron_ore":1,"minecraft:stone":60,"thestarvedstalker:hungering_soil":2,"minecraft:powder_snow":8,"minecraft:crafting_table":6,"minecraft:cornflower":1,"minecraft:torch":21,"minecraft:blast_furnace":1,"minecraft:chest":1,"man:redcandle":2,"minecraft:tall_grass":53,"minecraft:cobblestone":14,"minecraft:deepslate_gold_ore":6,"minecraft:sugar_cane":9,"minecraft:oak_planks":3,"minecraft:wall_torch":20,"minecraft:diorite":6,"minecraft:blue_bed":2,"minecraft:yellow_bed":7,"minecraft:grass":60,"minecraft:oak_log":45,"minecraft:coal_ore":89,"minecraft:dirt":1,"minecraft:cobweb":23,"minecraft:netherrack":3,"minecraft:gold_ore":8,"minecraft:oak_leaves":33,"minecraft:deepslate":3},"minecraft:dropped":{"minecraft:water_bucket":1,"minecraft:iron_ingot":6,"minecraft:bread":26,"minecraft:iron_sword":2,"minecraft:wheat_seeds":15,"minecraft:glass_bottle":1,"minecraft:crafting_table":1,"thestarvedstalker:hungering_soil":17,"minecraft:cooked_porkchop":1,"minecraft:iron_helmet":2,"minecraft:feather":2,"minecraft:coal":7,"minecraft:torch":10,"minecraft:mutton":8,"minecraft:wooden_axe":2,"minecraft:iron_leggings":2,"thestarvedstalker:starved_tooth":1,"minecraft:stone_axe":2,"minecraft:stone_sword":2,"minecraft:rotten_flesh":36,"minecraft:oak_planks":21,"minecraft:iron_boots":1,"minecraft:cooked_mutton":3,"thestarvedstalker:cadasite":19,"minecraft:poppy":4,"minecraft:allium":7,"minecraft:iron_chestplate":4,"minecraft:andesite":2,"minecraft:oak_sapling":1,"minecraft:spider_eye":1,"minecraft:birch_boat":1,"minecraft:stone_pickaxe":1,"minecraft:black_wool":1},"minecraft:used":{"minecraft:stone_sword":4,"minecraft:flint_and_steel":13,"minecraft:poppy":1,"minecraft:chest":3,"minecraft:shield":15,"minecraft:iron_sword":137,"minecraft:iron_chestplate":2,"minecraft:torch":225,"minecraft:dirt":23,"minecraft:mutton":1,"minecraft:carrot":8,"minecraft:allium":2,"minecraft:granite":2,"minecraft:wooden_axe":50,"minecraft:grass_block":1,"minecraft:iron_helmet":2,"minecraft:iron_boots":3,"minecraft:bow":6,"minecraft:beef":2,"minecraft:oak_sapling":2,"minecraft:furnace":3,"minecraft:beetroot_seeds":7,"thestarvedstalker:hungering_soil":1,"minecraft:cooked_beef":4,"minecraft:cobbled_deepslate":3,"minecraft:iron_leggings":3,"minecraft:cooked_mutton":4,"minecraft:water_bucket":37,"minecraft:stone_pickaxe":5,"minecraft:baked_potato":6,"minecraft:oak_planks":13,"minecraft:wooden_pickaxe":55,"minecraft:blue_bed":2,"man:redcandle":2,"minecraft:golden_apple":1,"minecraft:rail":3,"minecraft:crafting_table":11,"minecraft:blast_furnace":1,"minecraft:white_bed":6,"minecraft:redstone_torch":1,"minecraft:apple":16,"minecraft:bread":56,"minecraft:iron_pickaxe":173,"minecraft:gravel":1,"minecraft:stone_axe":40,"minecraft:cobblestone":67,"minecraft:potion":1,"minecraft:porkchop":2,"minecraft:cooked_porkchop":1,"minecraft:andesite":8,"minecraft:bucket":37,"minecraft:yellow_bed":8,"minecraft:oak_boat":4,"minecraft:chest_minecart":1,"minecraft:golden_pickaxe":32,"minecraft:gray_wool":1},"minecraft:picked_up":{"minecraft:wooden_axe":3,"minecraft:crafting_table":11,"minecraft:iron_chestplate":11,"minecraft:wheat":1,"minecraft:allium":11,"minecraft:chest_minecart":1,"minecraft:golden_pickaxe":10,"minecraft:wooden_pickaxe":1,"minecraft:potion":3,"minecraft:shield":5,"minecraft:cornflower":1,"minecraft:string":36,"minecraft:flint_and_steel":18,"minecraft:iron_leggings":8,"minecraft:cobbled_deepslate":3,"minecraft:beef":6,"minecraft:oak_boat":11,"minecraft:redstone_torch":1,"minecraft:iron_nugget":27,"minecraft:poppy":7,"minecraft:iron_pickaxe":4,"minecraft:enchanted_golden_apple":1,"minecraft:sugar_cane":25,"minecraft:chest":1,"minecraft:birch_sapling":1,"minecraft:furnace":10,"minecraft:iron_boots":7,"minecraft:stick":84,"minecraft:raw_iron":102,"minecraft:oak_fence":2,"minecraft:torch":168,"minecraft:fire_charge":1,"minecraft:porkchop":10,"minecraft:diorite":6,"minecraft:carrot":7,"minecraft:stone_sword":6,"minecraft:arrow":41,"man:redcandle":2,"minecraft:rotten_flesh":36,"minecraft:beetroot_seeds":7,"minecraft:hay_block":15,"minecraft:glow_berries":2,"minecraft:mutton":19,"minecraft:rail":3,"minecraft:white_wool":76,"minecraft:cobblestone":222,"minecraft:feather":9,"minecraft:water_bucket":13,"minecraft:andesite":10,"minecraft:salmon":3,"minecraft:leather":54,"thestarvedstalker:starved_tooth":2,"minecraft:flint":2,"minecraft:oak_log":45,"minecraft:yellow_bed":8,"minecraft:gunpowder":16,"minecraft:dirt":27,"minecraft:blue_bed":3,"minecraft:cooked_mutton":16,"minecraft:bone":16,"minecraft:apple":103,"minecraft:bow":5,"minecraft:wheat_seeds":57,"minecraft:raw_gold":14,"minecraft:iron_ingot":356,"minecraft:stone_pickaxe":10,"thestarvedstalker:hungering_soil":35,"minecraft:iron_sword":13,"minecraft:oak_planks":541,"minecraft:book":96,"minecraft:cooked_porkchop":4,"minecraft:birch_boat":4,"minecraft:gravel":1,"minecraft:blast_furnace":1,"minecraft:white_bed":6,"minecraft:grass_block":1,"minecraft:spider_eye":2,"man:tearoftheman":5,"minecraft:stone_axe":15,"thestarvedstalker:cadasite":101,"minecraft:iron_helmet":5,"minecraft:granite":2,"minecraft:golden_apple":2,"minecraft:gray_wool":1,"minecraft:emerald":18,"minecraft:bread":187,"minecraft:baked_potato":12,"minecraft:oak_sapling":3,"minecraft:black_wool":6,"minecraft:coal":428},"minecraft:custom":{"minecraft:mob_kills":42,"minecraft:interact_with_crafting_table":39,"minecraft:open_barrel":1,"minecraft:leave_game":16,"minecraft:time_since_death":9820,"minecraft:climb_one_cm":1662,"minecraft:sprint_one_cm":417954,"minecraft:walk_one_cm":346253,"minecraft:damage_blocked_by_shield":1005,"minecraft:drop":111,"minecraft:play_noteblock":1,"minecraft:talked_to_villager":7,"minecraft:play_time":165889,"minecraft:deaths":14,"minecraft:sneak_time":9899,"minecraft:walk_under_water_one_cm":11018,"minecraft:boat_one_cm":124916,"minecraft:jump":5209,"minecraft:walk_on_water_one_cm":18749,"minecraft:total_world_time":165889,"minecraft:interact_with_furnace":42,"minecraft:tune_noteblock":18,"minecraft:interact_with_stonecutter":1,"minecraft:sleep_in_bed":17,"minecraft:time_since_rest":9845,"minecraft:damage_taken":7344,"minecraft:damage_absorbed":40,"minecraft:damage_dealt":9751,"minecraft:player_kills":6,"minecraft:swim_one_cm":15542,"minecraft:fly_one_cm":1057781,"minecraft:open_chest":51,"minecraft:crouch_one_cm":29047,"minecraft:fall_one_cm":193477},"minecraft:killed_by":{"thestarvedstalker:the_starved_stalker_aggro":1,"minecraft:zombie_villager":1,"minecraft:player":3,"thestarvedstalker:hungrejaw":1,"minecraft:iron_golem":2,"sanitydim:sneaking_terror":1,"minecraft:zombie":2,"cave_dweller:cave_dweller":2},"minecraft:killed":{"minecraft:cave_spider":2,"thestarvedstalker:putrid_fangs":2,"minecraft:skeleton":6,"minecraft:pig":6,"minecraft:sheep":5,"minecraft:zombie":15,"thestarvedstalker:hungrejaw":3,"minecraft:cow":1},"minecraft:broken":{"minecraft:wooden_pickaxe":1,"minecraft:golden_pickaxe":1,"minecraft:wooden_axe":1},"minecraft:crafted":{"minecraft:oak_planks":152,"minecraft:furnace":1,"minecraft:iron_boots":2,"minecraft:stone_pickaxe":1,"minecraft:chest":2,"minecraft:wheat":135,"minecraft:cooked_beef":4,"minecraft:crafting_table":4,"minecraft:iron_helmet":2,"minecraft:wooden_pickaxe":1,"minecraft:blue_bed":1,"minecraft:bread":45,"minecraft:air":0,"minecraft:blue_dye":1,"minecraft:oak_boat":2,"minecraft:iron_chestplate":1,"minecraft:shield":1,"minecraft:stick":48,"minecraft:iron_ingot":37,"minecraft:iron_pickaxe":1,"minecraft:wooden_axe":2,"minecraft:stone_sword":1,"minecraft:iron_leggings":2,"minecraft:white_bed":1,"minecraft:torch":116}},"DataVersion":3120}