{"stats":{"minecraft:used":{"minecraft:stone_pickaxe":3,"minecraft:chest":1,"minecraft:wooden_pickaxe":50,"man:redcandle":2,"minecraft:blue_bed":2,"minecraft:torch":28,"minecraft:dirt":5,"minecraft:crafting_table":6,"minecraft:white_bed":3,"minecraft:redstone_torch":1,"minecraft:wooden_axe":45,"minecraft:bread":14,"minecraft:beef":2,"minecraft:furnace":1,"minecraft:oak_boat":3,"minecraft:cooked_beef":1,"minecraft:golden_pickaxe":4},"minecraft:killed":{"minecraft:pig":4,"minecraft:sheep":4,"minecraft:cow":1},"minecraft:crafted":{"minecraft:cooked_beef":4,"minecraft:oak_planks":108,"minecraft:wooden_pickaxe":1,"minecraft:furnace":1,"minecraft:blue_bed":1,"minecraft:bread":24,"minecraft:air":0,"minecraft:blue_dye":1,"minecraft:oak_boat":1,"minecraft:stick":12,"minecraft:stone_pickaxe":1,"minecraft:wooden_axe":1,"minecraft:torch":8,"minecraft:wheat":72},"minecraft:dropped":{"minecraft:iron_chestplate":1,"minecraft:oak_sapling":1},"minecraft:mined":{"minecraft:white_bed":4,"minecraft:crafting_table":5,"minecraft:cornflower":1,"minecraft:torch":13,"minecraft:grass_block":4,"minecraft:chest":1,"man:redcandle":2,"minecraft:tall_grass":34,"minecraft:sugar_cane":9,"minecraft:wall_torch":14,"minecraft:blue_bed":2,"minecraft:hay_block":14,"minecraft:iron_ore":3,"minecraft:grass":24,"minecraft:oak_log":27,"minecraft:coal_ore":33,"minecraft:stone":16,"minecraft:netherrack":3,"minecraft:oak_leaves":20},"minecraft:custom":{"minecraft:interact_with_furnace":3,"minecraft:mob_kills":9,"minecraft:interact_with_crafting_table":9,"minecraft:tune_noteblock":18,"minecraft:open_barrel":1,"minecraft:interact_with_stonecutter":1,"minecraft:time_since_death":41292,"minecraft:sleep_in_bed":4,"minecraft:climb_one_cm":492,"minecraft:time_since_rest":11843,"minecraft:sprint_one_cm":100475,"minecraft:damage_taken":345,"minecraft:walk_one_cm":85747,"minecraft:drop":2,"minecraft:damage_dealt":802,"minecraft:play_noteblock":1,"minecraft:swim_one_cm":5249,"minecraft:talked_to_villager":3,"minecraft:fly_one_cm":290843,"minecraft:open_chest":13,"minecraft:crouch_one_cm":4133,"minecraft:play_time":41292,"minecraft:sneak_time":1540,"minecraft:walk_under_water_one_cm":849,"minecraft:boat_one_cm":124916,"minecraft:jump":1289,"minecraft:walk_on_water_one_cm":972,"minecraft:total_world_time":41292,"minecraft:fall_one_cm":40613},"minecraft:picked_up":{"minecraft:iron_chestplate":1,"minecraft:crafting_table":6,"minecraft:golden_pickaxe":2,"minecraft:leather":2,"minecraft:oak_log":27,"minecraft:blue_bed":2,"minecraft:cornflower":1,"minecraft:dirt":20,"minecraft:flint_and_steel":1,"minecraft:wheat_seeds":8,"minecraft:beef":6,"minecraft:oak_boat":3,"minecraft:redstone_torch":1,"minecraft:iron_nugget":15,"minecraft:sugar_cane":25,"minecraft:chest":1,"minecraft:birch_sapling":1,"minecraft:raw_iron":4,"minecraft:torch":28,"minecraft:fire_charge":1,"minecraft:porkchop":8,"minecraft:white_bed":4,"man:redcandle":2,"minecraft:hay_block":15,"minecraft:golden_apple":1,"minecraft:bread":12,"minecraft:oak_sapling":1,"minecraft:mutton":8,"minecraft:coal":33,"minecraft:cobblestone":16,"minecraft:white_wool":4}},"DataVersion":3120}